gene,baseMean,log2FoldChange,lfcSE,stat,pvalue,padj,direction
NMNAT1,2075.1050087331987,-1.7657043926537186,0.144802898826757,-12.193846994501243,3.352150756127242e-34,5.320868895200771e-30,Down
ALDH6A1,27486.372843862235,-1.8577078728837773,0.1584380086253293,-11.725140255182351,9.474398436557551e-32,7.5193563191739e-28,Down
ENTPD5,1799.8337306599126,-2.689024343290046,0.2330472783262245,-11.538535710877914,8.434884730323908e-31,4.46289751081438e-27,Down
TRPM8,678.2578047357897,-2.702956034999264,0.26351841857967856,-10.257180691838382,1.0986763046555681e-24,4.359822245949458e-21,Down
WFDC1,1271.118951984119,2.18892079696475,0.22272136030459735,9.828068551535186,8.523779877919074e-23,2.7059591600441893e-19,Up
CLDN5,407.8672124503783,2.660731949685789,0.2736646501738269,9.722600080045922,2.41533711146144e-22,6.38977432837124e-19,Up
LOC101104943,3992.1774777868195,-3.3145783165879537,0.35788822086031535,-9.261490385518002,2.0159827374043126e-20,4.571384855831236e-17,Down
HIBADH,5542.355609865363,-1.2664923733186648,0.138931341465779,-9.115958717138147,7.797793907514309e-20,1.5471797836746828e-16,Down
RNF208,110.4428973753235,2.9395759701601016,0.32866158846831306,8.944081308252766,3.7505637147642796e-19,6.614744204939268e-16,Up
TPT1_1,311.4954185490286,3.3802042391784246,0.3806329120308529,8.880483353747497,6.657045583360183e-19,1.0566728454467617e-15,Up
GLUD1,6994.664143670822,-1.906628849748631,0.21628339081883458,-8.815419633150103,1.1923760735995982e-18,1.7205986742042202e-15,Down
NOXA1,274.25523446438314,2.836033328064749,0.32340502331899507,8.769292755441798,1.797920132758314e-18,2.37819885560606e-15,Up
LOC114115241,299.60025036492084,-4.774697390328336,0.5468048947291978,-8.731994604205179,2.5022016419294552e-18,3.0551882047958647e-15,Down
PRUNE2,1898.9934023409685,-2.9829933434505578,0.34437915617974735,-8.66194509720442,4.6378172634627755e-18,5.258290958781759e-15,Down
NRTN,247.32117036258765,2.6010635475050496,0.30088801713321717,8.644623246506482,5.398311887524762e-18,5.7124936393787034e-15,Up
KMO,1216.4956687289161,-2.643016276529378,0.30760444620598404,-8.59225641608415,8.527781575695258e-18,8.460092309438177e-15,Down
KLHDC8B,328.3745169250172,1.9373610888109154,0.22904301339094152,8.458503318344556,2.7083091930960334e-17,2.5287642248243143e-14,Up
ACOT13,1548.8030179947116,-1.9236241895767494,0.232262538156176,-8.282111290298921,1.210104214218617e-16,1.0671102329051172e-13,Down
LOC494440,1413.9874886834564,-4.306477496808069,0.521383810601248,-8.259706974487635,1.460305113687573e-16,1.21996963524015e-13,Down
DMGDH,7062.928400015428,-2.5588318861609474,0.31134849105753765,-8.218545969082829,2.0598528434751986e-16,1.6348022092240914e-13,Down
LRRC8B,1507.0469611116719,-1.619177969037005,0.19895716330956614,-8.138324562446918,4.007852589934361e-16,3.0293640076203864e-13,Down
SLC2A2,1318.6028849632485,-3.2500498599508894,0.402350980554317,-8.077648662551564,6.602751186187765e-16,4.632443555368201e-13,Down
ENPEP,7185.106447066984,-1.490731546510529,0.18459610932709933,-8.075639036730687,6.712417424145947e-16,4.632443555368201e-13,Down
LOC114110477,94.60979275066418,-9.950054381289066,1.2351742064936733,-8.055587891148237,7.909770863214963e-16,5.231324704658796e-13,Down
GPNMB,30477.873966859752,-1.23663469985544,0.1538472643876413,-8.038067526111828,9.126633496731599e-16,5.794682139744826e-13,Down
LOC105609224,168.8235490684817,-2.806345615460737,0.35700265813898363,-7.860853558037674,3.8152462059954925e-15,2.329207808760248e-12,Down
APOB,1143.6529084770111,-3.4821187292021776,0.44452053902834765,-7.833425957805109,4.747524773017814e-15,2.771480343572375e-12,Down
RNF14,1307.6098357713338,-1.2128857837571045,0.15490759215768088,-7.829737502617074,4.8888962149578844e-15,2.771480343572375e-12,Down
LOC101104237,152.163455113521,-2.762074505945357,0.3556667964447914,-7.765904868137169,8.1064381105995e-15,4.43701696998434e-12,Down
LYPLA1,3384.654135676724,-1.253068903814562,0.16344864671257622,-7.666437924188375,1.7683868875531205e-14,9.35653502204356e-12,Down
AK4,4407.463715535594,-1.7131210616940538,0.22478335297386526,-7.621209662680101,2.513093617219584e-14,1.2867849995524663e-11,Down
TACC1,8231.390815149478,-1.4538647186260227,0.19106728152936478,-7.609176762179353,2.7584727568235514e-14,1.3682886896581323e-11,Down
ROS1,264.1463708836671,-3.452055560209462,0.4587389525466045,-7.525097969217598,5.268080836631466e-14,2.533946882419735e-11,Down
FASTK,772.4865556169227,1.753896241384997,0.23329160190845655,7.5180427715234455,5.56023142851608e-14,2.5958103960245807e-11,Up
PRKAA2,426.9716604816798,-2.5947401561429846,0.3464573924391387,-7.489348510867165,6.921632279120626e-14,3.139059119042334e-11,Down
SLC16A10,3073.8095952164626,-1.461491297613631,0.19533912960373442,-7.481815346359006,7.33028956645467e-14,3.2320468413426386e-11,Down
LOC114113841,117.42417924948674,2.6844422113177013,0.3603491537295144,7.4495588057706374,9.36528894291907e-14,4.0177089565122806e-11,Up
SLC16A12,4020.1694026631862,-1.9360794111082824,0.2607270769231289,-7.425693694556717,1.1219035615081198e-13,4.686309271531154e-11,Down
APBB2,3373.9016940662173,-1.7545634893336275,0.23695915216569294,-7.404497666782478,1.3164784271570767e-13,5.3580671985293024e-11,Down
IRAK3,219.84766152457888,-1.9527419249630846,0.2642013803232231,-7.391111744284252,1.4560618327254746e-13,5.637090114841819e-11,Down
C1QL1,97.81620185133377,2.4484424758931316,0.3312461687696007,7.391609946728631,1.450615409703536e-13,5.637090114841819e-11,Up
ENPP6,2786.215823668347,-2.4677540254298918,0.3368501541788096,-7.325969707349275,2.3717736798751073e-13,8.963610385870852e-11,Down
SHROOM4,1680.990907736547,-1.0139455512526414,0.13912997208032643,-7.28775788632547,3.1515566402493357e-13,1.1633641523413421e-10,Down
SLC13A1,2902.8576770700984,-1.7023384849957477,0.23402598016690904,-7.274143168983322,3.486260989073865e-13,1.257668651808397e-10,Down
LOC101112543,688.9330270570786,-2.822647559631635,0.389320991908439,-7.250180746214345,4.162158261632004e-13,1.4681319574863288e-10,Down
ABCA7,457.60915872917474,1.3695111768441102,0.189208287975638,7.2381140989999615,4.549666232568902e-13,1.569931567599265e-10,Up
ADORA2A,122.10622919520227,2.111291277443389,0.2919933763331779,7.230613598009526,4.808166016650116e-13,1.623830195367815e-10,Up
WDFY3,2215.4375722776804,-1.4060166359114734,0.1951590773843239,-7.204464454105947,5.827242116987939e-13,1.926996127561449e-10,Down
XYLB,3542.131007454521,-1.1724393534382405,0.16356131142329738,-7.168194869775545,7.599308285924763e-13,2.461710620867016e-10,Down
LOC114115357,2189.9921238977827,-2.5698278804934516,0.3596253995908105,-7.1458464374803805,8.944300675894805e-13,2.783782051538789e-10,Down
SULT1C2,516.5663424846459,-1.805887394341709,0.25264360619978193,-7.1479639699002515,8.807442021289192e-13,2.783782051538789e-10,Down
A1CF,1285.9280203240794,-1.4772486830503853,0.20717360187550166,-7.130487039261494,1.0001439359285364e-12,3.0529393644218577e-10,Down
TMEM238,722.0558531246784,2.6945955064697404,0.38211077570269736,7.0518699754394785,1.7652912538240571e-12,5.286880768292313e-10,Up
MAPK13,154.6486356710892,1.7032474698146662,0.24176356828469578,7.045095677149161,1.8533411413607303e-12,5.447793321633125e-10,Up
STEAP2,404.44496570560904,-1.421082864611635,0.202425981268717,-7.020259236017593,2.21456965819986e-12,6.391248033564797e-10,Down
FAM107A,1737.896810131237,1.5310549412506167,0.21878050966188894,6.9981322541791435,2.593971778456633e-12,7.352520364186096e-10,Up
GCGR,120.95252379396915,2.0515049324177337,0.2955245324237402,6.941910763185531,3.868315575532953e-12,1.0772240900076239e-9,Up
FGL2,1014.3522130875396,-1.8123579196607094,0.2613025100155343,-6.935861119562019,4.037541046060173e-12,1.1049636038640193e-9,Down
AFF1,1959.3489645000254,-1.5132998023230428,0.21848170450409296,-6.9264371850169875,4.315713768319845e-12,1.1610732990600151e-9,Down
ACBD5,2319.6041271187246,-1.329644411767758,0.19217641774793426,-6.918873956282029,4.552476783325311e-12,1.200707196540463e-9,Down
MZF1,398.6724404869038,1.740258123372881,0.25159284632919354,6.916961864233063,4.61432237062737e-12,1.200707196540463e-9,Up
GNAZ,290.980536184238,1.8891090409690452,0.27345870379983045,6.908205936468775,4.908211341479154e-12,1.2565812681177194e-9,Up
NRARP,55.50365470544173,3.1649776443534448,0.45959405308593104,6.886463441165728,5.719645048204488e-12,1.4189191471372597e-9,Up
PCDH15,105.62118059006409,-4.545423133095117,0.6600553193113098,-6.886427546463427,5.7210877223451534e-12,1.4189191471372597e-9,Down
PDK1,846.1398123638442,-1.300250070949419,0.18918482203534753,-6.872909026002511,6.2905686457654665e-12,1.4911439264592697e-9,Down
CDKL1,2857.9271239921663,-1.548814374316867,0.22535327174971387,-6.872828436398477,6.294124807709385e-12,1.4911439264592697e-9,Down
HSPB6,304.37583628112645,1.581779369331261,0.23003569940274649,6.8762343124920005,6.145538867122177e-12,1.4911439264592697e-9,Up
ATP6V0E2,807.89885858552,1.508266531219984,0.22008164445255657,6.853213656103538,7.220911205037413e-12,1.6855518170229245e-9,Up
HSD17B1,533.821878247472,1.9316566177388705,0.2825642764269604,6.836167126873808,8.134004598987901e-12,1.8711747101410864e-9,Up
C1QTNF5,189.7340216540492,1.4412314784470075,0.21132247207615643,6.8200578210518765,9.10038752023168e-12,2.063577872980535e-9,Up
KCND3,141.46878593224903,-3.8527905144520322,0.5683591157121217,-6.7787960251586785,1.2118147026545432e-11,2.673106024496807e-9,Down
DAO,8604.862680593773,-1.4495657708882212,0.21384089418847835,-6.778711697728784,1.2125221052338569e-11,2.673106024496807e-9,Down
CTNNAL1,1779.4898696919265,-1.2980295005879505,0.192288112645247,-6.750440694078107,1.4739676102442434e-11,3.2049709421105307e-09,Down
CITED4,944.2846483977493,2.5594124078289635,0.3800665474985024,6.734116497951056,1.6492899723018646e-11,3.4105404984016015e-9,Up
GDF1,102.12434663194891,2.835944798797582,0.42088450354945517,6.738059431699533,1.605159173122324e-11,3.4105404984016015e-9,Up
KIFC2,87.03898235940966,2.3640187487371125,0.3509658959139733,6.735750613548408,1.6308580080575063e-11,3.4105404984016015e-9,Up
LOC114109518,937.0151929962152,-9.249068394854996,1.3735570129971713,-6.733661804596708,1.654454850229467e-11,3.4105404984016015e-9,Down
EHHADH,35681.497464798915,-1.412634598966592,0.210835773403251,-6.700165613094243,2.081834624978472e-11,4.23653346183119e-9,Down
LACC1,530.476425547068,-1.9188288991353457,0.2885518226528618,-6.6498588762815265,2.9337417726483626e-11,5.894592804714868e-9,Down
PPP1R35,313.3948751965733,1.5067489396562117,0.22688803584956757,6.640936063527051,3.11697234330468e-11,6.184462750659397e-9,Up
ADAMTS13,397.2594092564684,2.0539588212719697,0.3093883789197264,6.638771722595592,3.1630781598814453e-11,6.198461682938047e-9,Up
LPP,558.5567550954994,-1.7301734783083271,0.2608747399957196,-6.632200106214636,3.3071980126210114e-11,6.249423101706347e-9,Down
PTPRD,4024.666571099815,-1.6829258989952711,0.2537123932763469,-6.633203357796581,3.284787578767797e-11,6.249423101706347e-9,Down
PARM1,6896.803112995412,-1.0488505593885908,0.15813301648248615,-6.63271075654688,3.2957725730740595e-11,6.249423101706347e-9,Down
DEGS2,341.27501454306423,1.4759866179709304,0.22293003083551807,6.620851450291777,3.5713573054615485e-11,6.669194648187196e-9,Up
DOCK5,611.1273733823252,-1.0911276188805974,0.16488102023195916,-6.617666589796503,3.649128900768434e-11,6.735188725802018e-9,Down
COL18A1,2069.542431485414,1.4355440541733373,0.21706187424343154,6.613524642118389,3.752754945386254e-11,6.8054495772297904e-9,Up
CYB5A,2883.5014098004644,-2.0430330742180947,0.3089545259740651,-6.612730685128708,3.7729450185612144e-11,6.8054495772297904e-9,Down
LOC114113676,128.16768148450842,-3.1611950467754535,0.4782836427957296,-6.609456740559221,3.857329140211704e-11,6.8794815104022904e-09,Down
HBB,87.96582734578674,4.938595432633495,0.7479497970134651,6.602843469378716,4.033453649599704e-11,7.1136677533440125e-9,Up
BNC2,853.092610552299,-1.2879050105017724,0.1952419272115861,-6.596457169294656,4.2109908029572427e-11,7.345171100586847e-9,Down
PRR35,198.58492343786577,2.8368938448470895,0.4311714716982923,6.57950265974966,4.720244664628652e-11,8.143961256701152e-9,Up
LOC101110693,109.727246098871,2.22389976843687,0.3411186832602303,6.519431146901785,7.057452582226238e-11,1.204547793953517e-8,Up
DST,7342.320769390873,-1.335962057430573,0.20500160482467186,-6.516837068534941,7.180534665376557e-11,1.21251730578215e-8,Down
DENND6B,253.90572534421395,1.8035684365339049,0.2776281593085509,6.4963454752781455,8.229455868991723e-11,1.375012136931638e-8,Up
SCN3A,129.1638147127436,-2.9106839805294453,0.4488288675411015,-6.485064110237738,8.869406262097958e-11,1.4665008916487593e-8,Down
TMEM72,910.7772133695531,1.413381634436435,0.21949648854095205,6.439199295767944,1.20105411071196e-10,1.9653950411681384e-8,Up
ZNF444,286.62327193431355,2.568943854635504,0.40057810029851443,6.4130911118733245,1.4259823602369756e-10,2.309654898371583e-8,Up
NPC1L1,61.27104337000887,-4.790956635835636,0.7483631669782876,-6.401914000097545,1.5344109357143805e-10,2.460172200262057e-8,Down
SH3D19,1900.3802759886214,-1.3411488177912108,0.20969052088073742,-6.395848568443379,1.5965817505671888e-10,2.5342542126752985e-8,Down
DOCK8,1774.5122844920943,-1.2142274184477413,0.19018636371360748,-6.3844084020460485,1.7206133405256508e-10,2.7040886687290746e-8,Down
GSTP1,141.98844681458434,1.4939927870137049,0.23416798262612754,6.380004517521991,1.7708275997558094e-10,2.755720244208232e-8,Up
SIPA1,714.2346899269245,1.3801657623229473,0.2165786567860262,6.372584366364934,1.85869110878103e-10,2.8643693174447855e-8,Up
IDUA,1076.3187873926806,1.4251610154510521,0.22428256571575858,6.354310291140553,2.0936384660369913e-10,3.16703979797628e-8,Up
TRPM4,171.23371512584774,1.8081081579892473,0.28455276689987297,6.354210425321486,2.0949989213602304e-10,3.16703979797628e-8,Up
PTGDS,1062.2938946433962,2.135966741587441,0.33679734700430086,6.3419939633911815,2.2681020581022597e-10,3.396375846061997e-8,Up
PRXL2B,325.8803063200227,1.7525005812869048,0.27683304265773556,6.330532527699813,2.4431650510505156e-10,3.6243326033013864e-8,Up
PTPN11,2727.0674997471247,-1.177177264857089,0.1860929957029563,-6.325747298603933,2.520099469588729e-10,3.7038461926649904e-8,Down
SREBF1,659.0263342489594,1.0414463620389482,0.16500638169301152,6.311552022130405,2.762509073637293e-10,3.986300593258614e-8,Up
CCL21,170.20832348507997,2.3453692527700456,0.37301147656961386,6.287659764088619,3.222872749065305e-10,4.566682333542775e-8,Up
NPDC1,571.3975187299852,1.6111169481544094,0.25628980920356237,6.2863090544296805,3.2510244042735057e-10,4.566682333542775e-8,Up
LOC114117822,50.62290552950999,-2.7314820407750906,0.4343970832323431,-6.287984303324893,3.2161442106501446e-10,4.566682333542775e-8,Down
MOGAT1,190.56332056502686,-2.5150629055022073,0.400705855536099,-6.2765813644957555,3.460983072018149e-10,4.7097040163791635e-8,Down
INAFM1,320.1253436542455,1.9310748677819811,0.30757610786582346,6.278364341044299,3.4215337783781297e-10,4.7097040163791635e-8,Up
GAL3ST1,184.2878236794892,1.96482327298912,0.3129851748528993,6.277687989255633,3.436446462042149e-10,4.7097040163791635e-8,Up
LOC101103616,1052.9469746587529,2.351425117204275,0.37466293444373394,6.27610820562077,3.4715263019993836e-10,4.7097040163791635e-8,Up
NELFA,774.5592031246404,1.3881298740420995,0.22122932766526515,6.274619593575918,3.50490144018568e-10,4.7146864881412964e-8,Up
HEXB,6195.706079655429,-1.3118709333823304,0.20920669299622813,-6.2706929429164235,3.594448356769521e-10,4.794510820756522e-8,Down
LOC101120084,1919.069089799634,-1.8083272247180853,0.2888474322961402,-6.260492642579913,3.8376318002442465e-10,5.034275170684044e-8,Down
SELENOH,313.2843705815909,1.6307426475749034,0.2606637914415637,6.256114969234181,3.94685835105983e-10,5.1351215251125145e-8,Up
GAS6,1691.5870341251186,1.2496594551897597,0.2002076445782311,6.241816878782846,4.3251714278752153e-10,5.5815809816799433e-08,Up
CKB,920.2700666344613,2.684552515043231,0.43319163243248376,6.197147668732126,5.749555428512939e-10,7.359894622321441e-8,Up
SLC16A4,6483.48544058052,-1.430501545658227,0.23090770487433523,-6.195122620255291,5.823967206933694e-10,7.395506518052682e-8,Down
PLA1A,6171.990667756963,-1.521638801764845,0.24607878554306312,-6.183543203071288,6.267856944965833e-10,7.83383411712147e-8,Down
LOC114113739,39.26685589102655,-3.0429769006802494,0.4920967768198039,-6.183696061465014,6.261787662319567e-10,7.83383411712147e-8,Down
CLCN5,9878.287223878839,-1.915507581209892,0.3100618321020358,-6.1778244946302605,6.499090169598157e-10,8.059379551721215e-8,Down
LOC101111832,1374.229445564457,-1.0809971845738477,0.17506077520011507,-6.174982278800838,6.617089228946395e-10,8.142097467524507e-8,Down
TRAF2,800.8510049935891,1.7294270052114455,0.28019106988675846,6.17231307875161,6.729806942665417e-10,8.217094276994475e-8,Up
MAPK11,133.69187115107835,1.7738595775943933,0.2874558756347966,6.1708934412181735,6.790517698156647e-10,8.22793033762141e-8,Up
CHST7,204.4403329158422,1.6414755379843364,0.26725943966109605,6.1418804891076775,8.1550207012376e-10,9.806412393238214e-8,Up
AP5B1,319.09186578427006,1.7312349745368585,0.283864981876406,6.098797263026381,1.068695083886117e-9,1.275443388460476e-7,Up
TPP1,4021.179196952134,-1.2395399392992759,0.2034542626292129,-6.092474658829277,1.1117844828563297e-9,1.3169667982372032e-7,Down
SFMBT1,1362.28526620762,-1.3079459601567707,0.2151302222146097,-6.079787147953528,1.2034218963333122e-9,1.4149567229999013e-7,Down
MPP6,300.8207921288914,-1.7091381890188306,0.2815099743950531,-6.071323734413529,1.2686015453561996e-9,1.4806259065763939e-7,Down
KCP,478.0277019034415,1.6483978246463589,0.27161127462012,6.068959497177851,1.2874160606701099e-9,1.491617162847931e-7,Up
TMEM241,186.71506204507762,-1.3322662222528563,0.21977543583451054,-6.061943261284414,1.3448666092367767e-9,1.546888962928649e-7,Down
EML5,319.7296817387418,-1.6301656555193693,0.26917333520385855,-6.056192951968153,1.3938080341731474e-9,1.5916485558583e-7,Down
NDOR1,492.1247169555831,1.7642851593422921,0.2921748630004199,6.0384563587174735,1.5559549571363706e-9,1.764119502473258e-7,Up
SCARF2,441.33085620750666,1.8015965805824985,0.29879636192716996,6.0295131070626224,1.6445437934308448e-9,1.8513364278814043e-7,Up
GGT6,137.83500657288565,1.7760789525023588,0.295778175173984,6.004766752846539,1.916071535058055e-9,2.1418171461955288e-7,Up
LOC114113072,48.45769674538212,-2.631957028313378,0.4384591109683593,-6.002742245452642,1.9401248502969277e-9,2.151455297503439e-7,Down
HECTD4,1538.4399387735257,-1.360262417124902,0.2266436112081473,-6.001768194011214,1.9518021976973175e-9,2.151455297503439e-7,Down
C1QTNF3,161.65011037394754,-1.909546177212557,0.3186746015778735,-5.992150512647389,2.070841261368918e-9,2.266928506324747e-7,Down
SEL1L,3740.6746467499897,-1.2081535137678185,0.20176909493062217,-5.987802612601495,2.1269496498258056e-9,2.3124021775126718e-7,Down
IDH1,6521.8995481327765,-1.9153845587368683,0.32018894838872997,-5.982044565796407,2.2035395887070245e-9,2.3793730538467076e-7,Down
VPS13B,1540.5368314785237,-1.1543221555419447,0.193163912247384,-5.975868588039418,2.288674402493099e-9,2.454603296673849e-7,Down
RAB17,139.54510911375078,1.9799647027029117,0.3320233164151635,5.963330298849116,2.4714811721420957e-9,2.632873868819563e-7,Up
LOC101107260,595.7444927493536,1.9014128922728517,0.3190471892903766,5.959660376579295,2.5276269238276528e-9,2.674734810794422e-7,Up
TSSC4,275.45227517363986,1.4660993619611833,0.24612156739176141,5.956809789154053,2.5720930905301796e-9,2.703763816290433e-7,Up
SLC46A3,1274.867135204317,-1.0516905616594432,0.1767329037142315,-5.950734354254574,2.66942044609969e-9,2.769392858884992e-7,Down
LPGAT1,3114.933939008783,-1.3432142821496587,0.22572052182991545,-5.950784940865037,2.6685954396349247e-9,2.769392858884992e-7,Down
TSPO,643.7467099210058,2.098669270519271,0.35336317518111265,5.939128403642004,2.8654137742676448e-9,2.937778865771861e-7,Up
ARHGAP28,843.6720349036831,-1.1504012830318588,0.19370488306705827,-5.938937959729203,2.8687439311701538e-9,2.937778865771861e-7,Down
C15H11orf96,514.3707338641763,1.942569234517164,0.327441837828147,5.932562703049244,2.982424309594182e-9,3.03461673501208e-7,Up
CUBN,36853.191833579665,-1.551738707872775,0.2617548657025411,-5.928213421011149,3.0624830736230968e-9,3.096228906217797e-7,Down
ZNF775,232.78045397264805,1.9358925237493587,0.32662366111877494,5.92698188832493,3.0855299246159613e-9,3.0997858540145034e-7,Up
SELENOM,1487.2789162685185,2.0804267548435007,0.3512198152654755,5.923432176715242,3.1529079927242345e-9,3.147553998019608e-7,Up
SLC9A3,2400.436348297014,-1.517858052966976,0.25640336397985464,-5.9198055337769775,3.2232251361108082e-9,3.1933778194576496e-7,Down
NAALAD2,332.62158169517454,-2.231509360682477,0.3770078218587189,-5.919000167372443,3.239046361322255e-9,3.1933778194576496e-7,Down
LOC114115243,17190.2778410376,-1.4944793053576206,0.25288711720099055,-5.909669586568275,3.427946117954337e-9,3.358752390758592e-7,Down
TWF2,233.25287282613297,1.5391801706528734,0.2605277654264726,5.907931418109323,3.464301745747398e-9,3.3735497920397823e-7,Up
DUSP9,356.49467782680506,1.3830342091496843,0.23414197078256743,5.9068188609124634,3.4877687851900006e-9,3.375692312641517e-7,Up
HSD17B4,7096.632512515387,-1.3542622482484212,0.22976164094087984,-5.894205154100931,3.764891865850708e-9,3.6218259749483816e-7,Down
LOC101122142,170.371263991731,-2.6105190307025197,0.44311427549363175,-5.891299773166611,3.831697342253042e-9,3.6638874646736466e-7,Down
B4GALNT4,212.39834755721327,1.517992957286544,0.25852882207052447,5.871658506502801,4.314567954129445e-9,4.1009064153231546e-7,Up
ACOX1,13127.685692973748,-1.3801550969186545,0.2350960202387769,-5.8706017035800535,4.342163101201567e-9,4.102568744367409e-7,Down
SIVA1,348.3821585887057,1.7185451108276302,0.2928418992676053,5.868508280835818,4.397334412340385e-9,4.105817007475232e-7,Up
EGFR,2706.813434104338,-1.512648010652858,0.25774568224247496,-5.86876178678264,4.3906172352095936e-9,4.105817007475232e-7,Down
UGT1A6,215.07105686010925,-1.8673008372019895,0.31842527357809,-5.86417282842989,4.513771472117542e-9,4.1700846970944637e-7,Down
DMTN,1063.116915642244,1.0621518829632797,0.18113121358542603,5.86399142333545,4.518708296479857e-9,4.1700846970944637e-7,Up
GOLGA4,3778.2102434124495,-1.2697906990193335,0.21670997394751457,-5.859401281303586,4.6453893672349e-9,4.262211874342172e-7,Down
DES,481.1251984869937,1.9250931559121234,0.32920201600059623,5.847756278347447,4.9824784781711535e-9,4.5452230393109606e-7,Up
GATM,19117.513968060513,-2.275666173002151,0.3899167457935913,-5.83628735506223,5.337680835610453e-9,4.813920903616178e-7,Down
ISYNA1,357.21958824859206,1.7319100814068646,0.296861253944964,5.834072511625073,5.409059608753553e-9,4.850734642358483e-7,Up
SHKBP1,582.9030822231337,1.3786785292060817,0.23686305071472816,5.820572373132722,5.864644134933463e-9,5.229746986168475e-7,Up
SLC25A20,874.773201276798,-1.1647129910370324,0.20047753253209,-5.809693367263483,6.258736779659874e-9,5.549996028130792e-7,Down
SLC25A51,1217.0075003086488,-1.1880828888925656,0.2045475434800108,-5.808345916452767,6.309305685623079e-9,5.563756063771952e-7,Down
PR,49.25217599581921,-4.1925305846644605,0.722163368816905,-5.8055154355626435,6.416829256984629e-9,5.627311093708123e-7,Down
TAF1C,190.4190332445961,1.5032797720815383,0.2589927553469826,5.804331360804037,6.4623364426499865e-9,5.636080568911167e-7,Up
LOC101117129,2975.4388604338046,-2.0714903861174765,0.35704569783357615,-5.801751424779879,6.5625800648172606e-9,5.692231331630841e-7,Down
LOC114112975,898.926313278266,-1.1121172761905247,0.19202783546912858,-5.791437858337546,6.9786379537547295e-9,5.987671364321558e-7,Down
LOC101103639,5435.852038461577,1.8999802139356172,0.32832583312756036,5.786873959434808,7.170834190173271e-9,6.022362492096314e-7,Up
WDR97,145.77177377460725,2.5349039663683954,0.43785568242165007,5.789359526747701,7.0655318056876135e-9,6.022362492096314e-7,Up
VWA8,1252.3855964820905,-1.171013233907246,0.2023305222266362,-5.787625223423092,7.13884659558992e-9,6.022362492096314e-7,Down
ZBTB45,213.55852642537164,2.040792300751207,0.35257277774048323,5.788286644901906,7.110799246395355e-9,6.022362492096314e-7,Up
TCAIM,985.2193214253057,-1.2530184479720134,0.21668263290048786,-5.7827359359596935,7.349538360174624e-9,6.139959073213253e-7,Down
FSTL3,170.53595196260795,1.367454399366726,0.23692124144728152,5.771767828892645,7.844415145268834e-9,6.519078617845666e-7,Up
ITGAV,6928.300848649607,-1.318236530883518,0.22876707386192455,-5.762352547636105,8.294950278671475e-9,6.857590925695434e-7,Down
ZDHHC1,369.1945421018431,1.6660485944076393,0.2893729442799155,5.75744425089044,8.539695800597605e-9,6.987143888808545e-7,Up
ZNF462,757.6123912427665,-1.068863346050679,0.18590197094679003,-5.749607390427374,8.945092159896588e-9,7.281305018155823e-7,Down
GABRB3,565.2502417376252,-1.9295579303277544,0.33648036327109837,-5.734533544749925,9.778107196283512e-9,7.91877017992899e-7,Down
ZNF185,283.7154966502664,-1.5476359639120367,0.2702043818710123,-5.727649393379686,1.0183175020479361e-8,8.204951121830909e-7,Down
DDAH1,2227.430270298695,-1.3990974831780838,0.24450809454167388,-5.722090656346848,1.0522113265200407e-8,8.392839389875681e-7,Down
SMAD6,550.4469982636685,1.2476539622345788,0.21839749474008288,5.712766823261525,1.1115393814291963e-8,8.803785552209686e-7,Up
LRRC24,407.3286189666346,1.255435943255508,0.21989212619500448,5.709326500131995,1.1342411628237331e-8,8.912777216584709e-7,Up
PTGFRN,648.0773566676403,-1.2503310932202627,0.2193576769139902,-5.6999650562059685,1.1983198865178693e-8,9.323986058185363e-7,Down
LAMB3,576.9131075241293,1.1542262490017812,0.20281908137439378,5.690915475902082,1.2636005016424409e-8,9.783966225644128e-7,Up
LOC114112115,50.38121928955329,-2.474823978145207,0.43532579280535155,-5.684992754959001,1.3081820548754943e-8,1.0079987260698408e-6,Down
MMUT,8858.651471360434,-1.266818236109837,0.22332493137597734,-5.672533864914047,1.4070069500224196e-8,1.0789092424012497e-6,Down
PLCG2,452.458359422122,-1.2527156035613416,0.22108278293429046,-5.66627390398677,1.4593617686992383e-8,1.1136754497386062e-6,Down
SLC38A6,89.5970641504669,-1.9221820096517777,0.33950414629794146,-5.661733532894507,1.4985139357795974e-8,1.1380818996473469e-6,Down
BRCA2,124.8974850310851,-1.5753537405296523,0.27868216892424,-5.652868809693789,1.5779174282208403e-8,1.1926801589594953e-6,Down
GGT5,981.2566444667141,2.001433571567697,0.3542354506324347,5.6500092466590655,1.6043920661649115e-8,1.206943851480362e-6,Up
PM20D2,1393.3921529956917,-2.222656970563181,0.39362378420966626,-5.646653123428305,1.6360145320684016e-8,1.2249272956378179e-6,Down
AR,45.60893387190819,-3.4196495904933655,0.6058308199220258,-5.644561943767561,1.656023511465513e-8,1.2340873801639478e-6,Down
LOC101117786,295.19905531435126,-1.3199462175217196,0.23418874809424817,-5.636249513535609,1.7379352022234998e-8,1.289076890882879e-6,Down
LOXL1,611.9907724403356,1.6662714561982277,0.2957003179711461,5.635000556072515,1.7505777230072244e-8,1.29241489289738e-6,Up
BCAM,2277.988197228077,1.0301891439440005,0.18298370253868682,5.629950261423941,1.8026159725285093e-8,1.3246723764789365e-6,Up
RSPH14,36.91954531325754,2.5294035876755814,0.4494439781171341,5.627850657321229,1.824689601595286e-8,1.3347141956738236e-6,Up
PIDD1,141.65583032435023,1.7679334909244804,0.31427734730641327,5.625392686036596,1.850864417402111e-8,1.3476500411662249e-6,Up
PHF3,1461.7697653455734,-1.1248333351796351,0.20011415201897145,-5.620958457116004,1.8990093774616262e-8,1.3763915912533513e-6,Down
SOX17,99.80501299817396,1.8400514350649009,0.3278094090681751,5.613174558641854,1.986480240432655e-8,1.4332454934721608e-6,Up
KL,11767.623885003924,-1.1933480355087942,0.21266196788154385,-5.611478382319439,2.0060535197765885e-8,1.4408184397924793e-6,Down
FAM181B,112.78134943141745,2.2668581793801983,0.4040282347084462,5.610642981463913,2.015762445955444e-8,1.4412701488581424e-6,Up
SLC6A19,3252.8680958228542,-2.4122618071518045,0.43003282976195734,-5.609482905030997,2.029320406648495e-8,1.4444575253242854e-6,Down
ENDOG,311.68300414370384,1.766691867241774,0.31503856774138,5.607858999321246,2.0484480004196976e-8,1.4445024520060644e-6,Up
KANK3,750.2872724071149,1.4693386425938906,0.26197675713481317,5.608660320341966,2.038987660045828e-8,1.4445024520060644e-6,Up
PPP1R12C,456.76005829616923,1.3709704097606212,0.2445033440765578,5.607164249382818,2.0566846478508826e-8,1.4445024520060644e-6,Up
ADGRL3,2730.3321631792323,-1.39158562496238,0.248358877455135,-5.603124153328339,2.105223171600628e-8,1.4720796212694612e-6,Down
CLIC3,44.113706474242136,2.807350172592376,0.5011373982608821,5.60195703281144,2.1194510055914086e-8,1.4755283250768609e-6,Up
LOC114115343,764.3620143037333,-3.239193851063914,0.5783952010766777,-5.600312459429439,2.139657793849166e-8,1.4769592138035981e-6,Down
ZNF787,668.982193193245,1.851939480947019,0.33068721961213376,5.600275339092865,2.1401160409174547e-8,1.4769592138035981e-6,Up
MGP,6554.513296996543,1.1777209439312453,0.2103305703558607,5.599380736421937,2.151188687277181e-8,1.4781739408290344e-6,Up
PITPNC1,631.1155771289631,-1.0358747345503363,0.1856398068265954,-5.580024846276307,2.404842297644319e-8,1.6382859137557201e-6,Down
PPP1R13L,316.5640733344898,1.5746969304759688,0.28218094477331007,5.580450982404219,2.3989575397856072e-8,1.6382859137557201e-6,Up
FMO4,1052.0792097285762,-1.789537459282919,0.32114747274367056,-5.572323032762177,2.5136477764229254e-8,1.7050910750068842e-6,Down
TRIM47,308.34219893219586,1.1269363557818655,0.2023030118937252,5.570536717337027,2.539557881130665e-8,1.7153362658377466e-6,Up
ARPC1B,1373.9543602330361,1.2680597624123338,0.22782706232389546,5.565887342257734,2.6082171837601533e-8,1.754247091433259e-6,Up
TRNT1,307.1210777270666,-1.2364638773081358,0.22264846964459795,-5.553435329161876,2.8010932494545288e-8,1.8760233396030269e-6,Down
RAP1GAP,1356.6275201300732,1.159414847846502,0.20901117138749575,5.547142959631606,2.9037531391874394e-8,1.9366081335429506e-6,Up
CCDC85B,288.91812986667907,1.6572038910107676,0.2989682881988971,5.543075825849014,2.9720408162743456e-8,1.9738579027917444e-6,Up
LOC101106288,3003.4822549175083,1.9237803487163627,0.34724295949660944,5.540156527594469,3.0220140871282866e-08,1.9986845668744706e-6,Up
MESP1,44.48499907495043,2.082154828186164,0.3761556887204332,5.535353819236442,3.1060069410633996e-8,2.0457115425518397e-6,Up
LOC101116298,1781.9564324554312,-1.0839151025505442,0.19598155798883,-5.5306994886341405,3.189563373697094e-8,2.0834542975594227e-6,Down
RTN4R,63.630079581355375,1.9895394918163625,0.3601254724684067,5.524573083318626,3.302877328230714e-8,2.1486299930740213e-6,Up
LOC105616533,1204.741181814944,1.5930242308526599,0.2886976943224554,5.51796658643682,3.429446156395207e-8,2.221861177161678e-6,Up
C3H9orf16,386.3195142516675,1.8841610484552649,0.34186450766995063,5.511426328802485,3.5593740795765065e-8,2.2966644213462556e-6,Up
ADAMTS5,584.7052692470191,-1.541237461808124,0.2799796590757856,-5.504819410437735,3.69546882722308e-8,2.3652490602625784e-6,Down
ARL6IP1,2551.0618456313473,-1.6628129655214983,0.30203851063390597,-5.505301168488929,3.6853769383436856e-8,2.3652490602625784e-6,Down
RASIP1,418.04188659206744,1.1967126047643077,0.21759315476261484,5.49977137869926,3.802839983540009e-8,2.4241959461337574e-6,Up
PDE8A,1004.1871670972982,-1.87852557910063,0.3416732407201831,-5.4980178580595025,3.840840421552917e-8,2.438626400452378e-6,Down
CREB3L3,140.02259723808018,-1.575337028467698,0.28673886758396805,-5.4939779937799305,3.929794809936023e-8,2.484154937546801e-6,Down
HSPB2,67.60306632748572,1.9455238660557048,0.3541599602573904,5.493347877726691,3.943848322697624e-8,2.484154937546801e-6,Up
HOXB2,242.94369869158047,1.7600542477555567,0.32076594975616457,5.487035793835008,4.0873433594003825e-8,2.5578504802740783e-6,Up
LOC101109397,41.659073133787096,2.54829440381773,0.4644419212622917,5.48678809374443,4.093076431611012e-8,2.5578504802740783e-6,Up
PPP1R14A,115.58239300550079,1.8217748440103567,0.3323610225862632,5.481313151085642,4.221804462610981e-8,2.6279491072558474e-6,Up
ANKIB1,1911.6840639275335,-1.0794793739868236,0.1976878974686535,-5.460523318874348,4.7473312734113123e-8,2.9435308321428812e-6,Down
LOC105604543,142.75909018189162,1.666542465248336,0.30529536950627645,5.458787232651016,4.793978264561449e-8,2.9608878207542364e-6,Up
KRTCAP3,61.42753723460444,2.0018248832873256,0.36710003977211325,5.45307727160697,4.950554387783556e-8,3.0065051637709314e-6,Up
RCBTB1,1122.136406305848,-1.0017162340904644,0.18371190571541154,-5.452647340353787,4.962542385862685e-8,3.0065051637709314e-6,Down
STRN4,763.9626326959362,1.0910707576617442,0.20005668876754126,5.453807940056079,4.930245138277571e-8,3.0065051637709314e-6,Up
ALDH1A3,671.3044302911297,-1.3037293960302199,0.23904603988611786,-5.453884099696108,4.928132901270138e-8,3.0065051637709314e-6,Down
EME2,313.27294540916176,1.74744704848456,0.32042330874500186,5.453557842994521,4.93718758825788e-8,3.0065051637709314e-6,Up
LRP2,45320.02364820794,-1.318809268397045,0.24224582855764187,-5.444094852940831,5.206947016721695e-8,3.142580608229029e-6,Down
ARRDC1,403.24905183899676,1.5364608771963801,0.2824919251402047,5.438955030073206,5.3593979288084124e-8,3.210178238640601e-6,Up
PLEKHA8,250.5011632892029,-1.3329227784762392,0.24505348672025018,-5.439313662971408,5.34862170354166e-8,3.210178238640601e-6,Down
PLA2G7,4166.462355957013,-1.1203434249279125,0.20616403408974734,-5.434233133215683,5.503259123898829e-8,3.2839560929942144e-6,Down
IGSF11,364.22916348275635,-1.8483804302726954,0.3403507461761268,-5.430810571269276,5.609865769128425e-8,3.3350336836470224e-6,Down
LIMS2,488.1359669162791,1.1318677493057785,0.20871533576154,5.423021481272235,5.859994715636607e-8,3.4578325695650506e-6,Up
PYCR3,368.95036696986074,1.6959709521138016,0.31282934275888663,5.421393457393707,5.913623853774838e-8,3.476553756702519e-6,Up
ZNF692,478.5734220858844,1.5452909657405964,0.2850891381621526,5.420378256788121,5.947306242345656e-8,3.4834535787731583e-6,Up
PI4K2B,630.1676492315178,-1.3215207958619892,0.24416486817590413,-5.412411727103686,6.218151037848167e-8,3.628702625873675e-6,Down
JOSD2,146.9952059518716,2.2847587907871945,0.42230478311809055,5.410212912858009,6.294986233537943e-8,3.66008485292849e-6,Up
PDLIM7,675.3858148756167,1.3043592359975607,0.24115178915334332,5.408872314723513,6.34228251828965e-8,3.6741259274748766e-6,Up
DENND5B,1274.7868532531488,-1.5962577408533738,0.29538453550211785,-5.403999021614078,6.517129975398467e-8,3.761687421799995e-6,Down
UGT1A9,477.15892356353186,-3.1878494086685296,0.5902131814134954,-5.401183011592493,6.620284165044363e-8,3.7936379260559267e-6,Down
RERG,319.64475039822577,-1.6484876095134617,0.30519175727180625,-5.401481430067934,6.609278214133536e-8,3.7936379260559267e-6,Down
LOC101121570,398.8050188445384,-1.314735141312571,0.24464533112832473,-5.374045501906382,7.698941575659475e-8,4.34894304734672e-6,Down
SERF2,4329.094320126452,1.8805128828569346,0.35004386706814605,5.3722206265388985,7.777286837173677e-8,4.377619644200631e-6,Up
IQGAP2,3461.8455212202025,-1.5774241548172356,0.2939727762386025,-5.365885151000928,8.055318873016252e-8,4.51809457496067e-6,Down
ELOVL5,2256.0502138427755,-1.2444775970353328,0.2321173404581634,-5.361415888097495,8.257216859133328e-8,4.615028281867018e-6,Down
LOC114118015,13.29214590644283,-7.3912674059669605,1.3795844178279992,-5.357604297679501,8.433268697996004e-8,4.696886808536512e-6,Down
SLX1A,396.9158949154692,1.7691577455690148,0.330595089154263,5.351433834346785,8.726004354182949e-8,4.842932416571537e-6,Up
PRKCB,372.46786788461117,-1.112689878127014,0.20833882804621492,-5.340770554206011,9.255233654915906e-8,5.10098346543334e-6,Down
CLCNKA,2628.4717074838572,1.4540255280599983,0.2724086508691673,5.337662821722717,9.415234067734182e-8,5.1712114310430684e-6,Up
AVPR2,139.04628590164975,1.8053933731798562,0.33849469480416855,5.333594295249861,9.628752501020047e-8,5.270247877541075e-6,Up
DHTKD1,2469.3274989929128,-1.2259858705317954,0.2300588605031062,-5.329009575422297,9.874979099314554e-8,5.386444784997248e-6,Down
SLC5A10,901.5013328402368,1.7553899233411319,0.3296849706670904,5.324446303358156,1.012610082791371e-7,5.504506795940901e-6,Up
ITGA7,432.5088468744207,1.3553479341933388,0.25487923882349117,5.317608214970948,1.0514015452660538e-7,5.676495485717031e-6,Up
ABCC2,2997.7497775972015,-2.2319964316168996,0.4198410008091021,-5.316289803319539,1.0590443191270449e-7,5.698376433052062e-6,Down
DDA1,453.25433772307764,1.1754004965549651,0.22118448180008235,5.314118273529475,1.071749940955791e-7,5.747259058375429e-6,Up
LOC101104231,451.8399710640842,-1.1730840548803319,0.22089530548544684,-5.3105884360119084,1.0927184383676548e-7,5.820375762486505e-6,Down
LOC101111058,20.477213432315388,-5.968531355530044,1.1237888771118019,-5.311078866405487,1.0897815353922841e-7,5.820375762486505e-6,Down
KIF1A,198.71620548751005,1.2573141312846077,0.23685370560980323,5.308399664035352,1.1059193625054261e-7,5.851419347016209e-6,Up
CDK10,400.2708031271672,1.0408256804400515,0.1960582326341729,5.308757844319341,1.1037485936497252e-7,5.851419347016209e-6,Up
TMEM116,373.0617235777422,-1.7777994361695353,0.33532157871795476,-5.301774621742657,1.1468236913586413e-7,6.02765975262772e-6,Down
SLC17A1,5030.645871366232,-2.1734072455366187,0.41045395550420505,-5.295130468085725,1.1893146675832217e-7,6.2303603031513125e-6,Down
EFR3B,304.42658721441825,-3.202612451066729,0.6054135578967179,-5.2899582595953145,1.223442773182878e-7,6.388061558793363e-6,Down
CDH7,525.8964559817155,-2.5932643722174764,0.49078288186899427,-5.283934032788254,1.2643879661987826e-7,6.580206618843697e-6,Down
PAQR5,4942.937672581308,-1.223952335269445,0.23186184191467782,-5.2788001905024275,1.300325020259577e-7,6.723146269244386e-6,Down
ZNF598,492.99487565983884,1.0976716660104748,0.20793253831862188,5.278979782993253,1.2990513538807676e-7,6.723146269244386e-6,Up
DLL1,142.88935697306937,1.3272178062153743,0.25196149400374335,5.267542214984866,1.3826237276156295e-7,7.102390429916792e-6,Up
NDUFB1,215.53791115503128,1.4183928505014907,0.2693677908090311,5.26563642312775,1.3970452890996723e-7,7.153322539961e-6,Up
ITGB8,1010.6282819849966,-2.5165443416059805,0.47889617594741724,-5.254885021011939,1.4811697594204163e-7,7.559680897517771e-6,Down
ILDR2,1559.019214487869,-1.0634887161453406,0.20269150747438613,-5.246834114545881,1.5473510397446754e-7,7.872148414701036e-6,Down
HSPA12A,5284.247842864467,-1.1234452993425286,0.21421675634199094,-5.244432408214511,1.5676416041636618e-7,7.949896224565433e-6,Down
CYP2D6,388.5382089913003,1.424711464010659,0.2718003347681713,5.241757576295294,1.590542503700476e-7,8.040344318865496e-6,Up
GPR75,843.6934901049023,-1.5176940065719744,0.2897386558418843,-5.238148158595061,1.621958339508568e-7,8.17312530889508e-6,Down
KYNU,1100.3598457875642,-1.594898056058671,0.3046190754171597,-5.235713009352886,1.6434915819673854e-7,8.255424645749465e-6,Down
SSBP4,342.8050119144414,1.6150940144948125,0.30908206213494316,5.225453730115445,1.7372856193797586e-7,8.694137809240497e-6,Up
C24H7orf50,400.5801649223815,2.144790985692973,0.41048826791025705,5.224975117100978,1.7417853104885517e-7,8.694137809240497e-6,Up
EPN3,416.1964305501828,1.5728501074413945,0.3011298169313075,5.223162964962007,1.7589246159172645e-7,8.752166278512457e-6,Up
IL17RD,521.0439431997289,-1.0314377108554156,0.19760075550334272,-5.219806514545271,1.7911015278601967e-7,8.884423297414032e-6,Down
LOC101108197,737.7348855884494,1.985104616333541,0.3809444722666779,5.211007799960622,1.8781755464189302e-7,9.287314781404262e-6,Up
DPP4,7376.230389175267,-1.465237959372,0.28138608075650395,-5.207215493505297,1.91695429123287e-7,9.44963213190663e-6,Down
GPR137B,4686.266286588563,-1.0695161975161493,0.20552100405707346,-5.203926491226869,1.9512121380665724e-7,9.588727637006409e-6,Down
PCDH20,215.81238256605317,-2.431650257052156,0.46800414814461605,-5.195787829429156,2.03854656046668e-7,9.98699060317519e-6,Down
LOC101119346,82.42235102978736,-3.5749009945643846,0.6885452495199145,-5.191962324998932,2.080891177855415e-7,1.0163072512645849e-5,Down
HEATR5B,798.2480412818002,-1.0666343178186581,0.2055623760007555,-5.1888596472281385,2.1158579112993555e-7,1.02261260955511e-5,Down
ESR1,164.9642547469001,-1.9761790727304862,0.3808743332677861,-5.188533067522482,2.1195712753961518e-7,1.02261260955511e-5,Down
CSKMT,262.92747252892065,2.9121187133989497,0.5611937311952518,5.18915046894164,2.1125564249521495e-7,1.02261260955511e-5,Up
LOC101107119,454.7821800195877,4.603692639546617,0.8879610657806325,5.1845658745176815,2.1651860819203753e-7,1.0383081171698524e-5,Up
ATP5ME,1294.7645993671629,1.9408947178493914,0.37457393228790165,5.181606488188821,2.1998293866214152e-7,1.0485853409562079e-5,Up
WFIKKN1,52.273692090197805,1.9500673639595771,0.3763101149891181,5.182075331714025,2.1943055054394366e-7,1.0485853409562079e-5,Up
TANGO2,1186.9627701529944,1.504875432604191,0.29057098736813775,5.179028526676668,2.230443639738904e-7,1.0599949668735216e-5,Up
PAXX,177.22885012757945,1.346676757507835,0.26022302596178376,5.175086841491143,2.2780499924858783e-7,1.0793876874844282e-5,Up
AKR7A2,1307.8663310639413,1.2604039176109991,0.2435802895528062,5.174490595790814,2.2853361993551093e-7,1.0796173063203469e-5,Up
TLE2,277.080009256254,1.1696337299599775,0.22618938402226407,5.171037248347823,2.32798153201462e-7,1.096500025450091e-5,Up
OBSL1,525.7792394983127,1.0133959899737088,0.1960765428402806,5.168369328090397,2.3614530585387194e-7,1.108974686336837e-5,Up
TMEM245,1731.6271980460688,-1.4760402111974271,0.2856220668858254,-5.167808731625276,2.3685451379034854e-7,1.1090240995263134e-5,Down
HSPBP1,359.92843070640095,1.0861054064434004,0.21024410481601,5.165925614865059,2.392519335633383e-7,1.1136791617157974e-5,Up
ZXDC,454.1915313108069,1.180597450444599,0.22852625080446554,5.166134946373213,2.389842771867693e-7,1.1136791617157974e-5,Up
SH3GLB2,910.3044619612709,1.091589281022746,0.21151887523415971,5.160718067426909,2.4600442126449144e-7,1.128563057436784e-5,Up
PEX11G,299.06814696088594,1.111950314070114,0.21545985655680758,5.1608236069578,2.458657609747165e-7,1.128563057436784e-5,Up
LOC114109083,117.27696812278964,2.8717805420042812,0.5564180439288566,5.161192332525194,2.4538191318837605e-7,1.128563057436784e-5,Up
TEDC2,70.80738654002641,1.972420760493301,0.38219594780115457,5.160757909237422,2.459520672933902e-7,1.128563057436784e-5,Up
SPEG,303.3539045072244,1.1136135887544738,0.21594556544748714,5.156918070750002,2.5104758128206216e-7,1.138536645054335e-5,Up
TUBGCP6,611.4242692681803,1.1625854526523016,0.22539184911645557,5.158063422478141,2.4951710806487035e-7,1.138536645054335e-5,Up
KCTD15,220.25615211856493,1.0629891399892821,0.20611910536706807,5.157159682486752,2.5072397541221073e-7,1.138536645054335e-5,Up
EGFL8,28.652952511633643,2.5594597671419117,0.4962684223848225,5.157410086344814,2.5038901892670115e-7,1.138536645054335e-5,Up
FAM89B,173.98983819113397,1.3453970708479144,0.2609426441913171,5.155911081599604,2.5240065588323546e-7,1.1414118549386314e-5,Up
SCAND1,708.8324145098301,1.7486476365466421,0.3395269701826171,5.150246637567904,2.601441362863501e-7,1.17308746456626e-5,Up
LYPD6,340.8824049531244,-1.629596670052284,0.3165647250515886,-5.147751916410518,2.636268298476279e-7,1.1736629403911115e-5,Down
PLBD1,1541.7267724579224,-1.669742308323023,0.3242795550048285,-5.149082890218474,2.6176319077051e-7,1.1736629403911115e-5,Down
KRT19,468.2669419526935,1.5694974470417746,0.3049042838278701,5.147508678257255,2.6396879589216077e-7,1.1736629403911115e-5,Up
SRD5A1,3448.447914764509,1.0995705013950559,0.21359580293622954,5.147903124872449,2.6341446313310365e-7,1.1736629403911115e-5,Up
TENM1,127.02182512097014,-1.9397996853843285,0.37669573853660326,-5.149513219661335,2.6116336739698097e-7,1.1736629403911115e-5,Down
RASSF10,73.64019974877952,2.2060108851376685,0.42894423667166914,5.142885010543308,2.7055123182532256e-7,1.1995697493752359e-5,Up
C1GALT1,1909.4850637202221,-1.3458709231589276,0.26189662040295775,-5.138939636136397,2.762931297030331e-7,1.211491946899515e-5,Down
ITGA2,240.97542545745486,-1.3195018594031163,0.256693674708552,-5.140375433486113,2.7419005179915745e-7,1.211491946899515e-5,Down
BICDL1,395.56701475263566,1.521238128992534,0.2959984058775073,5.139345681550955,2.7569680175877905e-7,1.211491946899515e-5,Up
SAP25,196.90724271618038,2.2617799164010606,0.44009432234391177,5.139307192955769,2.7575327365266454e-7,1.211491946899515e-5,Up
TMEM249,367.3099840094379,1.509100798180945,0.2937115003058322,5.1380378249049405,2.77622010113033e-7,1.213965335130626e-5,Up
PLIN5,253.37681073604932,1.3547710046616206,0.2637976271235092,5.135645151301233,2.811777615922629e-7,1.2227766054120518e-5,Up
NRGN,155.0454406802893,2.549374829704203,0.49672169535240346,5.132400806241264,2.860695005371519e-7,1.2406505961820251e-5,Up
RNF224,155.02223906829,2.1830057305077597,0.425585355027329,5.129419292089075,2.906373425945427e-7,1.2443192225058686e-5,Up
ADAMTSL5,277.37813936980376,1.7539435301904005,0.3418849135262121,5.130216224226364,2.8940954866263144e-7,1.2443192225058686e-5,Up
JAG2,179.45005555274568,1.3515537574922873,0.26349717377998066,5.1292912865199485,2.908350227113194e-7,1.2443192225058686e-5,Up
LOC114112490,407.3425578949138,2.526688849573144,0.49246350034254466,5.130712931650052,2.886468315232448e-7,1.2443192225058686e-5,Up
TBC1D2,279.38528488084484,1.2418779964769102,0.24235696140059493,5.124168867690143,2.988530543554121e-7,1.275186702092327e-5,Up
LENG8,2133.6626989768833,1.462598522619246,0.2857051317763713,5.1192588439890505,3.0673872215600354e-7,1.305325398601138e-5,Up
MUC1,543.0964517264078,1.1325596123476416,0.22142553789370795,5.1148554187607305,3.139813594584197e-7,1.325485669862632e-5,Up
LOC114115983,60.30913293422595,-2.7421658514078886,0.5361731723852039,-5.114328714376312,3.148586453638924e-7,1.3256634689286643e-5,Down
SPAG4,123.46583774986347,1.6493349834143298,0.3225634445295945,5.11321109501299,3.1672801269837225e-7,1.3264970304910984e-5,Up
EDEM1,1611.9258229854338,-1.0209386368436273,0.19964820720696844,-5.113687977098914,3.159290568978649e-7,1.3264970304910984e-5,Down
EXOC3L2,1509.8046835870175,1.1550660237609147,0.2259689249153707,5.111614458463733,3.194171997464595e-7,1.3342392662040925e-5,Up
CAVIN3,371.7140365631505,1.151649978217647,0.22577259333282684,5.100929041993688,3.3799027121026285e-7,1.4044292080943724e-5,Up
WDR90,303.7101280548994,1.4424848357852504,0.28277074128085666,5.1012520929544465,3.374137760703398e-7,1.4044292080943724e-5,Up
TSPAN4,700.9188386986375,1.8416651354521025,0.36132278318257416,5.09700805255206,3.4506365605636233e-7,1.4300771312226212e-5,Up
KMT5C,113.60981873648683,1.6594890091633179,0.3257338842589054,5.094615848575011,3.49449098622358e-7,1.4444806100085126e-5,Up
MMP28,172.54494516742534,1.3317927509221725,0.26160407171136835,5.090871645115521,3.5642124578798165e-7,1.4694738790630215e-5,Up
TP53I13,286.5516734693074,2.3658470148225326,0.4649488682564944,5.088402567134298,3.6109221873289326e-7,1.4848748155303666e-5,Up
MROH5,20.034752322165748,3.675207275087555,0.7230336411467284,5.083037725960705,3.7144588919000137e-7,1.5227418909864305e-5,Up
ACOT7,367.9866875906569,1.5696053247342097,0.30881677216681047,5.082642738997258,3.7221940005212315e-7,1.5227418909864305e-5,Up
EGFL7,848.2830725672948,1.9543697403942724,0.3850982972055299,5.074989306824201,3.875177934805397e-7,1.5812519115466854e-5,Up
SLC35F1,98.69385112872027,-2.0794444806665755,0.4102782143521093,-5.06837655016689,4.012230712267688e-7,1.6288014858267266e-5,Down
TBXAS1,135.55606532769488,-2.303768059595316,0.4545859114142788,-5.067838667564464,4.023582012265711e-7,1.6290247118988614e-5,Down
ABAT,2171.396997051668,-1.4718880446063192,0.29052734304188116,-5.066263399497438,4.057004508742186e-7,1.6302995586649296e-5,Down
RABAC1,1438.7910433242334,1.5375221388774314,0.3035990270235752,5.064318400328862,4.098641283449514e-7,1.6387338310376357e-5,Up
GATAD1,441.0672522749227,-1.8785162970037832,0.37111795552473814,-5.06177690688039,4.1536690022786565e-7,1.656562514401234e-5,Down
PLEKHD1,415.58167296444293,1.3163544912112357,0.2601091798508896,5.06077675522967,4.17551888126729e-7,1.6611030376530248e-5,Up
MME,21366.731628307047,-2.1294290303531183,0.42136616734706955,-5.053630773823274,4.334892585638077e-7,1.718908458194993e-5,Down
EPS8L1,177.71315703393975,1.4924678858487106,0.29534538426886725,5.053296802126573,4.3424827804207923e-7,1.718908458194993e-5,Up
ACACB,164.15710256603668,1.2697469070037593,0.25135642120310975,5.051579350653367,4.381718343041954e-7,1.7301247576891777e-5,Up
LOC105607883,54.29212638168124,1.941977652494121,0.38449028592027246,5.050784697579609,4.3999878864396534e-7,1.7330274868847798e-5,Up
LOC114115236,34.32398765921598,-3.5200151288087396,0.696996314683834,-5.050263616394386,4.4120077192752844e-7,1.733460359605361e-5,Down
MIA2,3358.2286936688806,-1.2464025933119378,0.24693093713883338,-5.0475756814998265,4.474515438837737e-7,1.7536786064363306e-5,Down
NOX4,11919.029114477567,-2.214035369534972,0.4394925566362683,-5.037708457409317,4.7113833009070923e-7,1.8419652003768048e-5,Down
LOC443162,10.92720083874812,-7.383675818305455,1.466058105218467,-5.036414172141673,4.743336467313332e-7,1.8499012222521996e-5,Down
UNC13D,110.92040635890307,1.4283872923735192,0.28392350612539596,5.030887762222358,4.882139048327854e-7,1.8993674782869615e-5,Up
ZDHHC2,794.3524261162679,-1.3642086698199891,0.27192379074058537,-5.016878685401385,5.251770577007932e-7,2.0381749234436896e-5,Down
PXDC1,283.8393779521981,1.0872415801977628,0.2170168129792794,5.009941696552201,5.444652772067922e-7,2.1078774012447343e-5,Up
ZFPM1,240.18197905133042,1.851147698202465,0.3696816486687052,5.007410307946863,5.51672444560773e-7,2.1305831417306933e-5,Up
FDPS,285.5816742585009,1.1180474475314564,0.22350346866742246,5.002371794037491,5.662924175491921e-7,2.1817377533393997e-5,Up
CFLAR,679.8036034850234,-1.8617584052471066,0.37229360120063515,-5.000780027491728,5.709882968502399e-7,2.1945029626885855e-5,Down
LOC106990933,46.343337918026606,-2.908145707401336,0.5821882205851422,-4.9951984677368335,5.877529105310403e-7,2.2534787316085033e-5,Down
CRIP2,1142.924331023895,1.3701220467520945,0.2749306072211296,4.983519516435981,6.243801278268664e-7,2.3766872347711868e-5,Up
AOX1,5845.181908601388,-1.0320438931496883,0.2072939788658295,-4.978648674680879,6.402974844803657e-7,2.4314454476451784e-5,Down
KLHL17,267.41577514914263,1.3501865498287067,0.2712551298848242,4.97755213109518,6.439344206809713e-7,2.4394203005892736e-5,Up
ANO9,60.490241702321086,2.175091430503207,0.43721732003264746,4.974851934824518,6.52975310049422e-7,2.4677802610510657e-5,Up
CD151,2025.9589672266977,1.4246770627798744,0.28645112765147424,4.973543216465471,6.57401098508203e-7,2.4786051393398353e-5,Up
MAGIX,488.2491829029316,1.2836213556000249,0.2584257550000756,4.967079831496089,6.796861320588129e-7,2.556554022315056e-5,Up
ST14,492.7631261801853,1.0948449709238777,0.22047068919974686,4.96594343174546,6.836788282379279e-7,2.565492680997785e-5,Up
CCDC24,69.79968215860282,1.9259237977125268,0.38817355528537023,4.9615018114684855,6.995021789325758e-7,2.6125171967521825e-5,Up
HIBCH,705.2739975771726,-1.0512085144105754,0.2120737059731403,-4.956807396687422,7.166095107565921e-7,2.670127409445865e-5,Down
AHCYL2,12585.2417630603,-1.3227787990252255,0.26694634387793126,-4.955223509748099,7.224719102880224e-7,2.673146068065683e-5,Down
ATG4D,314.6410429606831,1.0063025744419678,0.20307367154240374,4.955357170620919,7.219754150773269e-7,2.673146068065683e-5,Up
CSRP1,1157.7506989927579,1.148388037692169,0.23175087901999428,4.9552693933604965,7.223014344567671e-7,2.673146068065683e-5,Up
FBXO2,225.63750856657498,1.4550826538492891,0.2938393321309699,4.951966924566554,7.346709346091705e-7,2.7119608709421775e-5,Up
LRRK2,1048.241062393827,-1.8008850316163243,0.36388170410485815,-4.949094750576884,7.455944597064236e-7,2.7458981111183436e-5,Down
LOC101112936,401.2055981441853,-1.791176476093759,0.3621474310656262,-4.945986972275865,7.575902582136319e-7,2.7830791102988805e-5,Down
LTC4S,71.50257608272643,2.0859011475091664,0.42180249583212903,4.94520816761436,7.606253968912369e-7,2.7830791102988805e-5,Up
PIGQ,2282.4797789263635,1.1268359955829361,0.22786805149759176,4.945124988681641,7.609502512881713e-7,2.7830791102988805e-5,Up
LOC114113954,93.79104795610343,1.8297549336176964,0.3701247174360096,4.943617238786654,7.668619721958534e-7,2.7982528930263863e-5,Up
CSK,597.7432944970129,1.1257715162174917,0.22776094655483228,4.942776772076981,7.701765280802597e-7,2.8039018417931104e-5,Up
CLEC3B,1269.278482442068,1.3735058644045466,0.27796507647604435,4.941289322448097,7.760764495435006e-7,2.8189156713052593e-5,Up
LOC101105651,136.90309213125045,1.7676379991338202,0.3578197421343813,4.940023679492714,7.811308421874497e-7,2.824348487025373e-5,Up
LOC105605640,63.188141852797585,2.388548989459872,0.4834888373512902,4.940236061178006,7.802804796785458e-7,2.824348487025373e-5,Up
LOC101105780,3415.9361731696586,-1.0419280563839595,0.2112339662268788,-4.9325781975085485,8.115127442263634e-7,2.927532224796606e-5,Down
ZNF580,401.8594733876649,2.4265183750572312,0.4920624065106242,4.931322415513244,8.167479822305381e-7,2.9356004111345953e-5,Up
CDC42EP5,93.05893230452179,2.6694257363512155,0.5413388347925929,4.931155063674624,8.174481079326472e-7,2.9356004111345953e-5,Up
SLC31A1,5681.268619622651,-1.2639159092155323,0.2563382977696567,-4.930655778760284,8.19540330510755e-7,2.936470353543389e-5,Down
ITPRID2,2157.208087905979,-1.097866533679728,0.2227761859279288,-4.92811441719764,8.302699354619986e-7,2.9589605771450967e-5,Down
ABHD2,1484.9828122209242,-1.1767656307505154,0.23876293662966444,-4.928594225559175,8.28233883197416e-7,2.9589605771450967e-5,Down
EPS8L2,1899.1935228751463,1.389706472480623,0.2821620276772686,4.925207278670899,8.427097616895416e-7,2.9924680195297748e-5,Up
NAT14,221.1969142449883,1.5076782488176999,0.3062575406869539,4.922909801456277,8.526675971298553e-7,3.014341373996034e-5,Up
ISOC2,1901.951876354367,1.627585353241048,0.33060352849913166,4.923073146345208,8.519558942266193e-7,3.014341373996034e-5,Up
CDK3,222.87274965331443,2.278825686364619,0.4630845385613953,4.92097121930253,8.611579495167486e-7,3.0329081002631103e-5,Up
LOC101104640,1308.2282072706782,-1.309264858858724,0.26606538493824294,-4.92083875985078,8.617410402687978e-7,3.0329081002631103e-5,Down
DGCR6L,1841.2406207415588,1.5991720836150098,0.3253086443087381,4.915861018735476,8.839309246620193e-7,3.104122913088547e-5,Up
FAM185A,650.2715587737597,-2.505054780446988,0.5097182972670758,-4.914586731294875,8.896993264390156e-7,3.1106161692877745e-5,Down
MRPS11,290.59132050419504,1.669246527366718,0.33986028535822566,4.911566897577541,9.035145048749194e-7,3.145062661377104e-5,Up
LOC114110111,26.609251356276236,2.5565147382245588,0.521049329083041,4.906473524730554,9.27284990452207e-7,3.206709074825247e-5,Up
MXD3,118.0378910043728,1.313624310525444,0.2677763716264771,4.905676712797597,9.310577121751654e-7,3.212756318555739e-5,Up
RAB21,350.6765335972229,-1.2644255943661034,0.2578076249160771,-4.9045314108832345,9.365063509959979e-7,3.22454778944891e-5,Down
MCRIP2,1761.3836373276404,1.7948618341188978,0.3662156364956841,4.901106493687498,9.52983770365063e-7,3.2741799538971085e-5,Up
NME3,426.78027070048614,1.7166735534440372,0.3504929234268908,4.897883633882033,9.687437268802004e-7,3.321138051138104e-5,Up
SNTA1,248.6965560167519,1.4380407915224536,0.2937432676152238,4.895570214076029,9.80210848035539e-7,3.353208360100886e-5,Up
SSPO,38.187843922845225,3.601982667516337,0.7362221092666994,4.892521729759007,9.955212065570801e-7,3.3909674059400287e-5,Up
VPS13C,2066.6219669347174,-1.2991316149208827,0.26551187477012506,-4.892932250377296,9.934461227483243e-7,3.3909674059400287e-5,Down
THNSL2,666.0831973787468,-1.461529187921551,0.29880124599066726,-4.891308880175153,1.0016762729977427e-6,3.404626869655926e-5,Down
IL13RA1,2570.7321212057454,-1.3687345468378034,0.2801329451738684,-4.886017765558704,1.0289591775946343e-6,3.489886544008468e-5,Down
TMEM160,366.3752048679675,2.228988780234406,0.4562589051518184,4.885359507652171,1.0324030082762369e-6,3.4941008422960994e-5,Up
SCNN1A,3221.895228769741,1.0851157493561492,0.22219296050037998,4.883663941973956,1.041324926466401e-6,3.5167979910215285e-5,Up
LOC114115245,78.85696684606803,-2.1102569350170683,0.432724819015669,-4.876671829957264,1.0789070704635735e-6,3.628282188446674e-5,Down
EHBP1L1,486.69345773094716,1.1290929241111294,0.23158051466154234,4.875595538602685,1.0848067713470413e-6,3.640409700125071e-5,Up
TMCC2,49.325172740980456,1.9945354247085094,0.4091963886162369,4.87427426095658,1.0920918257316198e-6,3.657125221484811e-5,Up
IER5L,118.79531267403877,1.983824174184977,0.4071876444271877,4.872014662860724,1.104659682886504e-6,3.691423820306838e-5,Up
LOC114114615,546.8672446405499,1.2542081071496172,0.25758244149508397,4.869152182384116,1.120780703895084e-6,3.7295916379301185e-5,Up
TMEM86B,37.65293749312693,2.8851789360370184,0.592505509764761,4.869455032042662,1.1190644538412421e-6,3.7295916379301185e-5,Up
HOXA4,135.41329749216908,1.307674765931607,0.26875816450449325,4.86561875559224,1.1409927449861836e-6,3.788907498151819e-5,Up
PPP1R1A,440.458408187538,2.396502278301245,0.49337883291658907,4.85732690260427,1.1898107146820563e-6,3.923340887929449e-5,Up
CRYAB,1040.700633731899,1.5871268760022752,0.3267664068776432,4.857068666169747,1.191362885391542e-6,3.923340887929449e-5,Up
LENG9,145.29217665247083,1.2954221814383577,0.2667511599579435,4.8562944642587365,1.1960280321067413e-6,3.930549265761968e-5,Up
ENTPD7,138.00920349654356,-1.5142028958929143,0.3120868340321738,-4.851864067219226,1.2230644320420939e-6,4.011095398719867e-5,Down
TMEM125,422.6840831010999,1.397826706125984,0.28841580046218934,4.846567711914368,1.2561572756754563e-6,4.1111308117106224e-5,Up
ZDHHC8,446.5449230079531,1.3209424100185618,0.2726249637586285,4.84527312468741,1.2643762081040262e-6,4.129515133999014e-5,Up
CLDN4,562.5126818912827,1.118427489901406,0.23091971296521083,4.843360818094826,1.2766115583445406e-6,4.160914838932832e-5,Up
CLEC11A,128.32360383189987,2.2525298219447243,0.4652934719832059,4.841094830632024,1.2912572980212287e-6,4.191437033024737e-5,Up
LRRC8D,4385.8550886716475,-1.0123771788645899,0.20922729354283268,-4.838647777362458,1.3072547944082494e-6,4.234705173804519e-5,Down
MRPS6,401.40362842656157,1.0894589586772894,0.22525013713903358,4.836662798588357,1.3203713702470183e-6,4.2684836578270715e-5,Up
WASHC4,2221.432447920569,-1.0699986238778787,0.22125976387262702,-4.83593855995366,1.3251885239207964e-6,4.2735649599389996e-5,Down
LOC101104482,23.759154255459848,-5.894626387451821,1.2190017317933606,-4.835617730238837,1.3273278682353221e-6,4.2735649599389996e-5,Down
FAM110A,78.29998258391429,2.0592602366471278,0.42601480008207293,4.833776282538554,1.339671334191036e-6,4.295879411639256e-5,Up
STS,61.780075479839624,-2.6992722752354323,0.5584690406535677,-4.833342725814336,1.3425935378245049e-6,4.2965700052194286e-5,Down
SELENOW,1602.5403345210007,1.2715056519386372,0.2632446879897614,4.830128431644139,1.364450123156282e-6,4.357729739408383e-5,Up
LOC105615175,43.27413088454685,1.8954641123162153,0.39263874895041123,4.827501405256375,1.3825671357642575e-6,4.4067245273064374e-5,Up
MFSD3,144.92728813916554,1.7494447145032606,0.36277524314475723,4.822392783305735,1.4184627776619146e-6,4.51207608613779e-5,Up
C8G,98.43524932998046,3.3344783450253472,0.6915886308984522,4.821476519493215,1.424994966874147e-6,4.51903989397756e-5,Up
ALKBH7,497.259710187012,1.7149354203174454,0.3557076475661067,4.821193561768256,1.4270180562119436e-6,4.51903989397756e-5,Up
HS2ST1,123.46249482287067,-1.7995996700570966,0.3733674675613601,-4.8199155695356515,1.4361898954429605e-6,4.523143295707562e-5,Down
MARCH6,6088.263548811748,-1.0516411905638785,0.21817523355173576,-4.82016759392859,1.4343767023322325e-6,4.523143295707562e-5,Down
WDR13,1409.5175945359629,1.0302508704229039,0.2138568338178015,4.817479301599692,1.4538316682822617e-6,4.560606733328921e-5,Up
WRAP53,253.9548752483682,1.0109431399773958,0.209962351370521,4.8148781597200845,1.4728972978093334e-6,4.6113015400646054e-5,Up
PPM1F,937.1245882458661,1.161655961481641,0.24135132157201994,4.813132797099682,1.4858248386732823e-6,4.6426176504450804e-5,Up
GPT,231.80191451239847,1.3858934047566436,0.2880029409909984,4.812080737744828,1.4936698498597058e-6,4.657961007234403e-5,Up
MRNIP,251.3236328473073,1.63046384262203,0.3392544272476201,4.806020825874035,1.539638682144466e-6,4.782521487608437e-5,Up
SLC16A14,4394.800701652939,-1.5651619567747557,0.3259279460409638,-4.802171694040745,1.569540223307184e-6,4.8658812430771353e-5,Down
EXOC3L4,953.2923345401827,1.3667985644423037,0.2847408278881038,4.800149576650885,1.5854716935602482e-6,4.905690485746943e-5,Up
RHOD,509.5073045557573,1.563198659445739,0.3258751683792035,4.796924746431518,1.6112009726546432e-6,4.975601758550029e-5,Up
TMEM80,204.2981623427348,1.65171687022308,0.34437765279426646,4.796237086875747,1.6167391419756684e-6,4.9830097865203465e-5,Up
TMEM175,549.3771532448238,1.1829253706929432,0.24686100231410454,4.791868134715728,1.652354953075277e-6,5.082912823675169e-5,Up
CD14,266.8400745410089,-1.3273594498281656,0.27747403115842156,-4.783724964410527,1.7207610155571374e-6,5.2831024371254244e-05,Down
TF,14317.749699790385,-2.167066860439432,0.4534891668767963,-4.778651881287782,1.764744315832035e-6,5.3825803122745974e-5,Down
SNX24,458.8483462359731,-1.3705500495226435,0.28680417258483876,-4.778696338935672,1.7643542197453266e-6,5.3825803122745974e-5,Down
TMEM132A,317.40139325287305,1.7632257876117532,0.369026963945673,4.778040522457133,1.7701171316117558e-6,5.3825803122745974e-5,Up
CDIP1,475.94899483038324,1.094262206795142,0.22900771045846777,4.7782766990878,1.768039675582421e-6,5.3825803122745974e-5,Up
TNFRSF6B,28.957872560909973,2.2777990982063425,0.4768277728642798,4.776984957322685,1.7794307951966015e-6,5.400555451655001e-5,Up
MIEF2,134.4484411844344,1.8859997887975586,0.39502722306364146,4.774353965204346,1.8028504846845173e-6,5.440426947413944e-5,Up
SCPEP1,4117.024275399139,-1.533789062089579,0.3212375696064062,-4.774625408755402,1.8004206036227228e-6,5.440426947413944e-5,Down
ZNF865,381.48549788142424,1.583075913948345,0.33153567945125006,4.7749790205645875,1.7972598968255758e-6,5.440426947413944e-5,Up
DPYD,18351.80230539987,-1.3145366070482156,0.27539144574023794,-4.773338560007953,1.8119680591684927e-6,5.457565275746012e-5,Down
HPGD,10066.372481486456,-1.2262654135387843,0.2572207911735922,-4.767365063857559,1.8665092233571486e-6,5.611193352717428e-5,Down
CRTC1,259.41229080162316,1.1749555430749454,0.24652183644856251,4.766131714746102,1.8779651682811763e-6,5.634960513445579e-5,Up
SLC9A9,208.6840453799676,-1.8093915459113492,0.3797180955866512,-4.765091700767914,1.8876777959739026e-6,5.6534169161308975e-5,Down
SOAT1,976.9329159515552,-1.155379296569255,0.24252251142338774,-4.764008461681449,1.8978454065567613e-6,5.6731638678484885e-5,Down
CDK2AP2,593.7009052343996,1.2474159479137494,0.2619589795814413,4.761875122230487,1.918023643208543e-6,5.711967971603978e-5,Up
UHRF1BP1L,1470.4393488240491,-1.0462623697473996,0.21989859176212212,-4.75793119620887,1.9558713684165603e-6,5.802905837546927e-5,Down
NDUFA11,1085.3608290268846,1.8836510968866291,0.3958757957810059,4.758187080294861,1.9533941776649634e-6,5.802905837546927e-5,Up
CAPS,55.311849371903264,1.693172723700562,0.3560126875373534,4.755933659029812,1.975313350483096e-6,5.849654629145183e-5,Up
NT5M,224.2098500724441,1.5354097555965238,0.3229170012830848,4.754812380567441,1.9863079431634588e-6,5.8603468367720416e-5,Up
IL11,22.277895992966897,2.9262780535683497,0.6154316904740084,4.754838106101616,1.986055036195656e-6,5.8603468367720416e-5,Up
POLR2L,1209.7276121509879,1.3990762356780009,0.2944043539589689,4.7522267142590895,2.0118859893245454e-6,5.91382709417565e-5,Up
MZT2B,852.8952007225668,2.157885766145804,0.4542072725791848,4.750883344276717,2.025299528710609e-6,5.942251278969223e-5,Up
WFDC2,2912.6445392517435,1.84371001038783,0.38857275510033235,4.744825740321836,2.0868590848759503e-6,6.11157089561549e-5,Up
BOP1,386.6913789506724,1.185218898533593,0.2499533638737441,4.74176014343327,2.1186937550008954e-6,6.170646967546644e-5,Up
NKD2,43.053124758041996,3.046871134619805,0.6424901312110887,4.742284724088256,2.1132133720362837e-6,6.170646967546644e-5,Up
LOC114116178,38.22136757696269,2.2385594559381996,0.47229895054085264,4.739708723414938,2.140256643929669e-6,6.21127557074141e-5,Up
COL4A2,3657.4278956542175,1.1642503937368742,0.24563858644814682,4.739688542307428,2.140469814903012e-6,6.21127557074141e-5,Up
ATP5MC3,4221.32592634798,1.2740301549960567,0.26888592451774496,4.738180911779106,2.1564525533965086e-6,6.246235653296128e-5,Up
ABCB9,77.87742977905503,1.2934002201122692,0.27335852032342556,4.7315160273108585,2.228492188330201e-6,6.43142845552096e-5,Up
MX2,171.5149465075079,-3.1776550788138476,0.672368524384307,-4.726061621822126,2.2891620729345993e-6,6.594531684880379e-5,Down
GHDC,206.56209957540574,1.1990670855618997,0.25376530923542034,4.7251024546050715,2.299993668406652e-6,6.61373179322804e-5,Up
RRAS,468.61495293274504,1.329315701775323,0.2816850237198104,4.7191564685298335,2.3682461393022347e-6,6.785409922228225e-5,Up
NRIP1,1336.6467114087895,-1.1431945694118426,0.24240634926359608,-4.716025685320299,2.4049608790227356e-6,6.865817272073361e-5,Down
NUDT14,80.68891364938348,2.042238265913111,0.43312435998094423,4.715131390908056,2.4155482217002115e-6,6.88366192514317e-5,Up
BAIAP3,376.3604937995808,1.6216565069807716,0.3440017645592231,4.714093571754305,2.4278908165668215e-6,6.906435650782286e-5,Up
ADRB1,126.92114540640695,1.90425798748642,0.40427032943270946,4.710358017514077,2.4728201893587156e-6,7.021659188853469e-5,Up
TMED3,526.5214758989722,1.2682739220835322,0.2696491062760397,4.703423421641904,2.558350792894953e-6,7.225747710964697e-5,Up
LOC101102078,190.47793571883068,-1.8101848510260947,0.38501925320474767,-4.7015437175123935,2.5820196665983127e-6,7.247042795496705e-5,Down
HFE,710.7202881303851,-1.0553984746091127,0.22446641496255418,-4.701810178530164,2.578651700989648e-6,7.247042795496705e-5,Down
TRPM5,360.30284930635713,1.7296161932035463,0.367895808415453,4.701375100339131,2.584153104171319e-6,7.247042795496705e-5,Up
LOC101113317,1453.2865225201485,-1.1086197970573024,0.2358888278484109,-4.699755419403475,2.6047325706658035e-6,7.291873032482944e-5,Down
UGGT1,707.0516012163775,-2.1439520430256453,0.4563528447866153,-4.6980139765056785,2.6270345891146167e-6,7.341359160742308e-5,Down
BRD9,727.1007587670933,1.0507129939652575,0.22382551654254265,4.6943396364978245,2.6746933406813084e-6,7.461407275331179e-5,Up
FMC1,440.3206647149509,1.2022582544617224,0.2562283504016549,4.692135950518757,2.7036735850758567e-6,7.51583376811017e-5,Up
SARM1,1363.9231165567674,-1.5751667158752745,0.3356806745178496,-4.692455763614465,2.6994491710460275e-6,7.51583376811017e-5,Down
MAPK8IP3,322.0624148695536,1.1484476244989197,0.24485346218229562,4.690346684352333,2.727425307033598e-6,7.568605227018234e-5,Up
LOC101121036,14.077631741112985,3.678462395798456,0.7851184498180193,4.685232396017541,2.7964245087361356e-6,7.733039412398725e-5,Up
LOC105603399,46.93525550548052,2.2058920158655626,0.47093780800833357,4.684041031223655,2.812736645383044e-6,7.764620656028706e-5,Up
NIPAL1,141.5200546924388,-1.9689687545783503,0.42076475597729773,-4.67950018771198,2.8757509619681857e-6,7.924790801965454e-5,Down
GRIN1,72.96423505685853,2.6540924957835244,0.5675558292162037,4.676354922561246,2.920190203744521e-6,8.019408149487332e-5,Up
PTPRCAP,122.33888967586248,1.7079529873992516,0.36533057990758167,4.675089032599777,2.938261195625952e-6,8.055098438371458e-5,Up
EIF2AK2,334.74446305890774,-2.5613664292964167,0.5481785814864777,-4.672503661764464,2.9755021029891913e-6,8.115145168513304e-5,Down
LOC101117010,913.430940481879,-1.0509352007701913,0.22490312383719505,-4.6728350537760965,2.970703395742962e-6,8.115145168513304e-5,Down
CSDC2,359.0854382071317,1.0822529661694966,0.23169099800931794,4.6711049435160685,2.9958382402138538e-6,8.156593548355832e-5,Up
MROH6,467.3454527319114,2.517319786479442,0.5393386701961426,4.667419426024027,3.050062979632335e-6,8.275837551402402e-5,Up
LOC101113599,3201.8379600519834,1.0020938293173876,0.21482934997709996,4.664603925972904,3.0921203004691287e-6,8.375635755861175e-5,Up
LOC101110855,480.27767450718846,1.1380164843483807,0.2440540940643577,4.662968219038697,3.1168090175310684e-6,8.428127689143212e-5,Up
RNF213,1547.760872694563,-1.807889768309005,0.38820010167047037,-4.657107920707501,3.20682362429723e-6,8.656787651100329e-5,Down
MARCKSL1,218.9347895325446,1.2329864627528542,0.2649729818906842,4.653253527793744,3.267381027436601e-6,8.790362550593419e-5,Up
PKP3,39.027419110037286,1.9524709474497077,0.4198542201477322,4.65035446532537,3.3136500935699188e-6,8.884724313384345e-5,Up
PGP,524.298757127737,1.1326913386983806,0.24356772223735276,4.650416435699109,3.3126545058686197e-6,8.884724313384345e-5,Up
HOXC5,62.20374769198804,1.8554284238879288,0.3992978622014481,4.646727667557244,3.372419039127747e-6,8.996738434514348e-5,Up
TANC2,114.65554405492377,-1.544365205432572,0.3323193330529801,-4.647232501475806,3.3641791928088176e-6,8.996738434514348e-5,Down
LOC101112162,1831.8228248046576,-1.5399367997768618,0.33140247243838983,-4.646726949398809,3.3724307746084777e-6,8.996738434514348e-5,Down
FUK,518.2030432320264,1.1759899112137773,0.25332026147573145,4.642304979329256,3.445437897336765e-6,9.176079822890347e-5,Up
MALL,370.05745339775245,-1.4059012609793184,0.30295663904326914,-4.64060225060301,3.47395226116696e-6,9.236523323534866e-5,Down
ATG4B,654.6009433987851,1.3267827740865263,0.28592990140660646,4.640237930903825,3.480082578447041e-6,9.237349626703995e-5,Up
SLC44A3,472.7295432770708,-1.0736136764108384,0.23140149325132858,-4.6396142968912075,3.490600396389252e-6,9.249799681450184e-5,Down
HSDL2,2310.5317522094765,-1.0089114400223835,0.21752092938561648,-4.638226964513409,3.514107703000807e-6,9.281103422584327e-5,Down
TENT4B,674.8115662316084,-1.0340024173395712,0.22307755210910982,-4.635170179892546,3.5664394889011198e-6,9.357040331789666e-5,Down
ZNHIT2,150.7679953258541,1.7418629918360946,0.37577419175675736,4.635398146138842,3.5625110901115496e-6,9.357040331789666e-5,Up
IL17D,80.2065288932914,1.745065040109992,0.37656731771699015,4.634138328014697,3.584272748214544e-6,9.388310450892649e-5,Up
TCIRG1,242.34005765537,1.0929442908966305,0.23599584143445992,4.631201483269186,3.6354987433485612e-6,9.50679926740885e-5,Up
PGLS,993.3832223541888,1.1045598216586374,0.23864982927617812,4.6283704665063174,3.6855427559412356e-6,9.621812527147243e-5,Up
SOX18,324.6806279873062,1.8353412861563476,0.39679229655227055,4.62544586198783,3.7379343501487073e-6,9.742566821003355e-5,Up
LOC101106395,14.037459452977735,3.316431001434407,0.7171174027754411,4.624669529143915,3.7519611033009574e-6,9.744525891878699e-5,Up
LOC101108797,70.44408718455975,3.2223307671019077,0.696790858734529,4.6245307709032195,3.7544734915946085e-6,9.744525891878699e-5,Up
NEFM,11.903455645934425,-7.3217947164786965,1.5837489915804277,-4.623077744897098,3.780879362628588e-6,9.790195452366e-5,Down
KCTD17,176.17672528621503,1.216909370202201,0.26344461849758716,4.619222731298064,3.851802135746717e-6,9.937678144900742e-5,Up
CST6,30.318728817647973,2.4101480956969765,0.5217941488581456,4.618963437921181,3.8566179910910715e-6,9.937678144900742e-5,Up
AMN,15228.279285878858,1.6743117222097035,0.36283999245042453,4.614463005861923,3.941129630321387e-6,1.0122581006810901e-4,Up
LOC105613872,383.4925375797762,1.2388395265918726,0.26896361368085703,4.605974427685363,4.10538842848503e-6,1.0510456536345626e-4,Up
ADGRB1,64.81505546274846,1.5132413280835773,0.32861574276224914,4.6048960264767205,4.126719887905138e-6,1.0548055520244485e-4,Up
ITGB3,189.17470182869678,-1.9428358437366338,0.4223608544317955,-4.599942971396679,4.226066193989133e-6,1.076731118734984e-4,Down
CCL19,102.98152087264728,1.5361663447298517,0.33405499251884047,4.5985432911714765,4.254553140352961e-6,1.0816208726174176e-4,Up
ZNF428,111.19414522182643,2.2153506811419623,0.4817727565525695,4.598331165494681,4.258886444817527e-6,1.0816208726174176e-4,Up
CARD19,452.45582916262344,1.3689189537142403,0.2979022550734714,4.59519500238971,4.323447549944325e-6,1.0945148797490634e-4,Up
SMIM5,294.4633676777905,1.43465853620632,0.31225466823976705,4.594514292752565,4.337583985361501e-6,1.0963450732427248e-4,Up
MCRIP1,565.2485483664843,1.4253434057788297,0.3104063139192873,4.5918634443417,4.393057896595762e-6,1.10860108096446e-4,Up
LOC101103001,139.82163643887458,1.659441908655135,0.3615740582829992,4.5894938274479635,4.443221364299198e-6,1.1194802018336695e-4,Up
GATA2,326.0626517537196,1.5309692981763905,0.33369212537524706,4.587969513679019,4.475779793477239e-6,1.1258962386983234e-4,Up
TOR4A,84.92751806149172,2.125925451423026,0.4634172194609317,4.587497749643401,4.485902621874942e-6,1.1266571569148884e-4,Up
ZNF414,487.8612902033392,1.5391495916571607,0.33557006703491205,4.5866712882261655,4.503689224970541e-6,1.1293374260340821e-4,Up
SH3D21,64.63306194214219,2.0626188030350785,0.44998689034081857,4.583730875965871,4.567520401637136e-6,1.142124164271403e-4,Up
MIER2,201.65236579850398,1.137691204963933,0.2482192308128345,4.583412821151596,4.574476524819196e-6,1.142124164271403e-4,Up
THAP7,483.08521016304553,1.7287889344804943,0.377214681423664,4.583037245410993,4.582703746290952e-6,1.142124164271403e-4,Up
PWWP2B,142.4432266295794,1.3528595252884492,0.2952521789353304,4.58204755733494,4.6044514272908845e-6,1.1455557602725425e-4,Up
MRPL36,903.7005370455793,1.5533682579130532,0.3391149368195416,4.580654194951227,4.6352372014192346e-6,1.1496112515332423e-4,Up
BICDL2,40.92203677906333,1.9268262353948031,0.42073247678937775,4.579694560539924,4.656554490086415e-6,1.1530965588321633e-4,Up
KIF16B,676.5429521574806,-1.077591633628147,0.23538935193980806,-4.577911552701417,4.696411761949194e-6,1.1575488182829123e-4,Down
HMX2,164.51645719691842,2.7371970836908,0.5978835508662681,4.578144154869121,4.691193710660761e-6,1.1575488182829123e-4,Up
VEGFB,801.836421131899,1.349821964204716,0.29505190264746484,4.574862768526241,4.765322367121284e-6,1.1708972435497855e-4,Up
TMEM33,3746.7801062692733,-1.0528392224587304,0.23018441839754733,-4.573894400794718,4.787411966690497e-6,1.1745068028945634e-4,Down
ENHO,32.11466516540083,2.6742270421290777,0.5847271398357275,4.5734614659418265,4.7973194109925775e-6,1.1747459316848612e-4,Up
RAPH1,282.8329172026353,-1.773929072134505,0.38789621629964094,-4.573205402870404,4.803188494068386e-6,1.1747459316848612e-4,Down
S100G,4074.5419088267913,1.8898749395951608,0.4134514674324997,4.570971658006517,4.854679444190873e-6,1.1855127202714113e-4,Up
LOC101112585,541.0993877542967,1.1352111900625512,0.24864233750351364,4.565639148427445,4.979747443770115e-6,1.2136615784547861e-4,Up
LOC101109268,47.677183985931485,1.7517192861422903,0.383796625728298,4.564186260934949,5.0143545796432405e-6,1.2188797893212428e-4,Up
LOC101114469,32.61347365221487,4.314534931340814,0.9460022854402306,4.560808147871447,5.0957122848542635e-6,1.2367620962919226e-4,Up
SH3BGRL3,651.7371126457446,1.783632522305924,0.3911992507736258,4.559396570363203,5.130081524399506e-6,1.243202809722036e-4,Up
ABLIM1,4278.315358989562,-1.0115385558127317,0.22194328760820198,-4.557644282526839,5.17305528736909e-6,1.2479013157509053e-4,Down
LOC101118990,66.71283241885021,2.1925936566260558,0.4814719491971418,4.553938521822969,5.26507487053621e-6,1.2681719790595032e-4,Up
CRACR2B,94.01792541439039,1.4484558921736201,0.3185701126744997,4.546741312338945,5.448289523905739e-6,1.3083313103321606e-4,Up
PRPF40B,450.78202405055583,1.1848202590816599,0.26092212186129304,4.540896151808522,5.601561949468444e-6,1.3431056317811572e-4,Up
MORC1,91.27863475473325,-1.6004224004029082,0.35254546517086754,-4.53961987463726,5.635573374666121e-6,1.3492225667583008e-4,Down
SLC12A6,1721.4744936164032,-1.1277134699509856,0.24854207629391742,-4.537314111021548,5.697521300881156e-6,1.3599512121637082e-4,Down
MAPK12,523.9167582449472,1.6942501318973964,0.37348402951685783,4.536338900726473,5.723917511564565e-6,1.3642003402562213e-4,Up
TIPARP,518.8856458606749,-2.0832843520228246,0.4597648654422395,-4.531195201310024,5.865091272352301e-6,1.393661583324073e-4,Down
CD9,1584.2246724291274,1.0517866850082715,0.23214225017266998,4.530785258719345,5.8764847944631696e-6,1.3942816613230776e-4,Up
CAPN10,398.23964141779857,1.2928244512611786,0.28554115387232337,4.527629148123605,5.9649145756315345e-6,1.4113604633639475e-4,Up
WWP1,1577.8857114625853,-1.2965560929771904,0.2864105381204263,-4.5269147618864185,5.9851066956084694e-6,1.413714264574304e-4,Down
THAP4,710.9604098992313,1.2390637631941925,0.273795218884656,4.525512783757495,6.024923913582873e-6,1.4210047144175476e-4,Up
FAM151A,475.7661235311407,2.0079958548388794,0.44380836743715235,4.5244659681258295,6.054819429288195e-6,1.423824426682837e-4,Up
OPN3,935.3098328005407,-1.0646931187265019,0.23531906107438724,-4.5244661178974335,6.054815141894865e-6,1.423824426682837e-4,Down
AKR1E2,534.3385073649455,1.2926375551485814,0.28579204791954305,4.523000428313136,6.096911676428631e-6,1.4314172035427152e-4,Up
TMEM121,17.230464561394083,2.946702198814091,0.6515339201768312,4.522714946313669,6.105143619973655e-6,1.4314172035427152e-4,Up
SLC40A1,4788.515081424868,-1.0299468501728326,0.22774459038767145,-4.522376792439444,6.114908131008026e-6,1.4315919876621002e-4,Down
TSC22D4,1050.1744198165397,1.140824683445124,0.25232065209839577,4.52132900718822,6.1452589020769416e-6,1.4365787121158657e-4,Up
RGL3,514.9814067150578,1.2473055581675163,0.27612711252018257,4.517142655002227,6.267968048892936e-6,1.4588190152504043e-4,Up
HSPB1,6008.874006855744,1.5697147161037213,0.347480115758095,4.517423141405042,6.2596737628619525e-6,1.4588190152504043e-4,Up
ZNF575,246.81878571810688,2.106286459866656,0.4665825880338413,4.5142843172576494,6.353093997652895e-6,1.476466486453066e-4,Up
PRR36,77.38330258220564,2.0683581784445435,0.4585723058590734,4.510429766511419,6.469641929060746e-6,1.4991624283208936e-4,Up
OXR1,1386.833887737868,-1.159573666509127,0.2570860552518932,-4.510449488880194,6.469040421051688e-6,1.4991624283208936e-4,Down
LOC101108520,242.58708761578313,1.3587482170140313,0.30133009364037017,4.50916866815056,6.508215179894563e-6,1.503710328245508e-4,Up
TARBP2,252.49796587404768,1.2539381948258734,0.2781558320711167,4.508042076591356,6.542860261852273e-6,1.507408477649039e-4,Up
HECW1,861.0484942538774,-1.1426782822142305,0.2534761600119826,-4.508030586230329,6.543214522145706e-6,1.507408477649039e-4,Down
CA9,71.05644853723862,1.424029523303271,0.3161619223489775,4.504114577502588,6.6650241546991205e-6,1.5300767017547326e-4,Up
KLC3,50.47178058900226,2.215618607468359,0.4919625674363658,4.503632499956298,6.680168552359539e-6,1.5300767017547326e-4,Up
CPPED1,1047.440810649235,-1.1200415350972661,0.24868785817103833,-4.503804662336763,6.674756320641488e-6,1.5300767017547326e-4,Down
BAZ2A,1326.1676102366216,-1.1763585214223815,0.26129606338428857,-4.5020139461202255,6.73125636032821e-6,1.5395566600502836e-4,Down
CHRD,142.7020022617013,1.0213328281717362,0.2271834247709425,4.49563091674269,6.936396435707961e-6,1.5839804878708605e-4,Up
SH2D3A,75.47758892842245,1.6036130349021938,0.35700526299819174,4.491847042911287,7.060812829467387e-6,1.6056773931538086e-4,Up
IRX1,70.28608158474175,2.4870133410049853,0.5536452815617083,4.4920699657905185,7.053424185354145e-6,1.6056773931538086e-4,Up
SETX,1610.011463883785,-1.085821363951488,0.24194197920350924,-4.487941148229388,7.191478739212172e-6,1.63071917182164e-4,Down
IL4I1,166.7608602474805,1.4455763101822514,0.3223239559547541,4.484855324824732,7.2963423702223335e-6,1.6521375526753083e-4,Up
ROCK2,1782.6189277672127,-1.1378548968807713,0.2537875795716326,-4.483493237932895,7.343093068519349e-6,1.6603549327152083e-4,Down
SCAF1,939.1394599717722,1.119295462789097,0.24975764631014608,4.48152630890495,7.411109465357853e-6,1.6733505055992204e-4,Up
TMEM88,148.64391694223758,1.6869021800780402,0.37725062545075305,4.471568941900274,7.764781921012768e-6,1.745756139266794e-4,Up
CACFD1,453.38257352705585,1.3942879808145825,0.31196339861488404,4.469396047758212,7.84407699887846e-6,1.7610895926902092e-4,Up
NUDT9,400.9339933918796,-1.673257106793558,0.37445410283401004,-4.468523896866709,7.876121492419195e-6,1.7657863905249984e-4,Down
MYO5C,512.9407236197455,-1.478588869509558,0.33101037214574475,-4.466895885844119,7.936272879392515e-6,1.7767624741127982e-4,Down
PARP10,551.4309310481353,1.3164803538981673,0.2948778626867492,4.464493678512156,8.025831810112225e-6,1.7942820890410046e-4,Up
LRRC40,557.5411223772066,-1.1602496670929006,0.2599565755606598,-4.463244157569544,8.07279752240379e-6,1.8022435312674452e-4,Down
IRX3,182.27727376350066,1.4652023284053948,0.32846879893828557,4.460704740119577,8.169057342923986e-6,1.816070689134908e-4,Up
LOC101102541,149.2360241056223,1.8484363627309206,0.41450614682568854,4.459370209311371,8.220083237714275e-6,1.824858478772569e-4,Up
CANX,11604.942207265394,-1.0456095775177021,0.23453775672316185,-4.458171648464661,8.266169862815445e-6,1.825214868361539e-4,Down
LOC101107282,1322.7463467359792,-1.0519076292980498,0.23594857118460205,-4.458207244133111,8.264797599659558e-6,1.825214868361539e-4,Down
ABHD15,115.93837404007458,-2.2969213326516993,0.5152205313857455,-4.458132377748733,8.26768405690132e-6,1.825214868361539e-4,Down
GFER,370.73253134057785,1.3988563261192049,0.31411213191282816,4.453366119928831,8.453442630618109e-6,1.8636318732750173e-4,Up
TNNI3,36.946105683561804,4.231480811694621,0.9503841580011543,4.452389884732781,8.491979173586113e-6,1.8695310044706292e-4,Up
SEMA5A,1297.9585840972368,-1.1420722438144242,0.25657820771208767,-4.451166192165353,8.540521178789566e-6,1.8776134718964928e-4,Down
THBS1,5899.672137458977,-1.0337081223301785,0.23245673059378766,-4.446884027361452,8.712484297523067e-6,1.910127945505299e-4,Down
LOC105613000,895.8926966376123,-1.903250791948263,0.4281713495524183,-4.445068064310688,8.786404503762124e-6,1.921027530140719e-4,Down
ZNF608,1019.19975502358,-1.254541882500015,0.2831479564409754,-4.4306937555508545,9.3930406364766e-6,2.0480183244889156e-4,Down
LOC114110581,420.0019045022296,-1.9436322394577086,0.4387973385844208,-4.429453117760354,9.447234661736212e-6,2.0570089956891481e-4,Down
AHNAK2,60.008958495995294,1.615449140135733,0.3647881838185315,4.428457970391274,9.490920846963444e-6,2.0636902274500103e-4,Up
SLC23A3,379.13348614301157,1.74022554011096,0.3931421418298692,4.4264538317137125,9.579487359328019e-6,2.078161593855549e-4,Up
ACAP1,238.14933359709843,1.558396120036729,0.35208747283859027,4.426161792899557,9.592458802814468e-6,2.078161593855549e-4,Up
LAT,118.45100189132488,1.4154645682683837,0.31985552961409286,4.4253246769757215,9.629733898898798e-6,2.0824627544580466e-4,Up
PYGB,266.8265312567029,1.1392953637950514,0.25751682789751495,4.424158891272385,9.68187458735628e-6,2.0908897323143705e-4,Up
SNRNP70,1583.595013963573,1.6717909163429883,0.3780172664463318,4.422525277903773,9.755393157038681e-6,2.1039042877944971e-4,Up
RASAL2,726.0091574192228,-1.1188286324874892,0.25332590489718115,-4.416558318193296,1.0028485333917267e-5,2.1598663189317335e-4,Down
FAM131C,25.388615725209473,3.8740257306584134,0.8775144786297148,4.414771294381272,1.0111683506810738e-5,2.1704065761498509e-4,Up
SSNA1,350.66349338810994,1.361525552039394,0.3083883877996275,4.414970232031021,1.0102389093627053e-5,2.1704065761498509e-4,Up
C19H3orf62,82.00360566001955,1.2347493693082394,0.2796950822707457,4.414626668741349,1.0118445576456181e-5,2.1704065761498509e-4,Up
SCRIB,514.4409929781505,1.1094900099961587,0.2515482909377993,4.4106441982168105,1.0306354620776484e-5,2.2022803464668658e-4,Up
EXOC3L1,117.78956026079348,1.3621406939838931,0.3088197656375547,4.410795051190361,1.0299176441147553e-5,2.2022803464668658e-4,Up
CTF1,312.2589585828579,1.3921015085127593,0.3158158452293845,4.407953335912082,1.043520200838195e-5,2.2263166865463266e-4,Up
ZNF524,313.36723105399903,1.7056950835655462,0.38711695972554727,4.40614920300786,1.0522449721390346e-5,2.241917374867503e-4,Up
RGS19,123.11205894954072,1.3023326296112594,0.2957547006879141,4.403421573966816,1.065568152551889e-5,2.2672604940289726e-4,Up
LOC105608222,187.25801465543054,1.2442372785910625,0.2828322946300742,4.399205119834147,1.0864809785422541e-5,2.2994283429868267e-4,Up
STARD10,318.3145969386412,1.359183602658486,0.3089264795696742,4.399699257091171,1.0840100288497816e-5,2.2994283429868267e-4,Up
LOC105607860,16.08199767080239,2.740448624153385,0.6228284875993828,4.4000052642359275,1.0824825212342048e-5,2.2994283429868267e-4,Up
CRISPLD1,60.84869814044631,-1.983928629022716,0.45151210370468137,-4.39396554985896,1.1130146143878449e-5,2.3368890177484475e-4,Down
LOC114116632,206.17644315072286,1.8752256181219136,0.42676217768374247,4.394076411128386,1.1124468517002833e-5,2.3368890177484475e-4,Up
ZNF771,745.19032141858,1.1675448846698189,0.26567951621212826,4.394561166460452,1.1099674816956212e-5,2.3368890177484475e-4,Up
LOC101117299,193.0719767136756,1.1197243886864516,0.2548113832939515,4.394326400224958,1.1111675771145384e-5,2.3368890177484475e-4,Up
HCRTR1,34.09145270939515,1.7497318987779786,0.3985624737020566,4.390106982540414,1.1329490791309284e-5,2.3626669417889078e-4,Up
CCDC88A,312.19663750311736,-1.834665595429188,0.4179323504050409,-4.389862602526734,1.1342230262982094e-5,2.3626669417889078e-4,Down
JPH2,56.096341674958595,1.3187103492310173,0.30037234247325223,4.3902522395131856,1.1321925053787823e-5,2.3626669417889078e-4,Up
PROM2,289.7776256001525,1.2663727027299114,0.28867989573036623,4.386771373621158,1.1504560408465087e-5,2.3902079497848996e-4,Up
PLPP5,223.6532862803359,1.0433021185057056,0.23793878337323526,4.384750160166879,1.1611897214214891e-5,2.4062094579795426e-4,Up
SLC27A2,6410.255905447185,-1.468556371808471,0.33496224679593384,-4.384244450996733,1.1638902093142237e-5,2.4086609246994358e-4,Down
GCNT1,717.8325189550119,-1.5361248748526208,0.35041284160929825,-4.383757364021957,1.1664969215175376e-5,2.4109121920895668e-4,Down
CHST12,271.1373019975379,1.1756224549367915,0.26828866772515403,4.381931092748008,1.176320163520155e-5,2.428053310215269e-4,Up
RPLP2,2889.89614342634,1.2200622343472873,0.27849127027849907,4.380971199302552,1.1815148940047698e-5,2.4356085600698327e-4,Up
HMGN3,1105.555397172381,1.2294818726426464,0.2807102839921062,4.379896080605371,1.1873591928094517e-5,2.444481513289809e-4,Up
ZNF205,250.54989769373776,1.1712708840405264,0.26760286240036096,4.376899684608704,1.2037934355934334e-5,2.4751053371987786e-4,Up
VASN,542.3092346741853,1.2730018786167085,0.2909684966606454,4.375050540613688,1.2140434635350357e-5,2.492951086247299e-4,Up
LOC101106534,216.64606036274452,-1.2824799521564025,0.29325350945920553,-4.3732808330971,1.2239311287126514e-5,2.5100075976816426e-4,Down
KCNQ1,1192.6284826343638,1.4348511517157803,0.32830284599047055,4.370510853742124,1.2395619257533943e-5,2.5355111401396426e-4,Up
PLEKHG5,97.75500882929087,1.2866278731159368,0.2945157882172727,4.368621053913602,1.2503350485768055e-5,2.5542558849497594e-4,Up
NAPRT,1736.1199443784783,1.353164274709498,0.30995279005041143,4.365710902261652,1.267099762960703e-5,2.581858092102084e-4,Up
LOC101106719,2126.535496829393,1.0039911532343122,0.2300292004516641,4.364624800951217,1.273411332084751e-5,2.5913920607924685e-4,Up
TIGD6,168.9261392781274,1.4937481978813365,0.34239881534972366,4.362597447528062,1.2852730637312977e-5,2.608841347903694e-4,Up
GJB2,330.0999033904222,-1.3468665597332072,0.30872062680130363,-4.362735893899526,1.284459693066551e-5,2.608841347903694e-4,Down
EIF4EBP3,98.67375446525972,1.639061828141097,0.37576500367378446,4.361933155339893,1.2891826125664417e-5,2.613434943712277e-4,Up
TJP3,201.81149651495787,1.309314287514397,0.300189471658682,4.361626276497461,1.2909925110886115e-5,2.613765832718052e-4,Up
LSM7,220.57031010027015,2.314162980000405,0.5306249891135053,4.361202407497973,1.2934963769472855e-5,2.6154991071699696e-4,Up
COX5A,2703.262349768238,1.1210313937571936,0.25718436302788567,4.358862959470222,1.3073994616250658e-5,2.6402483020832913e-4,Up
CNKSR1,156.13793136925185,1.4675158466247449,0.33677747501870003,4.357523752273691,1.3154222704481572e-5,2.653074675835273e-4,Up
PIN1,701.6237200496194,1.539363439612069,0.35342511275910604,4.355557610478281,1.3272860117226927e-5,2.6736054396033377e-4,Up
FERMT2,1482.5003289825827,-1.2335557825164536,0.28331765558786887,-4.353967210256953,1.3369571293182278e-5,2.6862684194516745e-4,Down
GATD1,787.3802937104927,1.653941958600944,0.37986222172870426,4.35405750820407,1.336406238282447e-5,2.6862684194516745e-4,Up
MED15,817.5507679839385,1.410358999618654,0.3240516758755606,4.352265717521694,1.3473782100582945e-5,2.7037843651397356e-4,Up
CHPT1,2806.7182333751944,-1.0420739817747542,0.23946749505544473,-4.351630193206303,1.3512904261306569e-5,2.7082112290368585e-4,Down
LOC101109915,140.05988080360456,-3.0492190087669058,0.7007922494533828,-4.35110264296629,1.3545461944533183e-5,2.7113129564385275e-4,Down
LOC101121723,116.43928281859752,-1.254171827537664,0.288274696817722,-4.350613638250343,1.3575707612261454e-5,2.7139446716552404e-4,Down
HAO1,2663.200222370308,-1.0143165130605085,0.23341269556398314,-4.345592730548214,1.3890007660426205e-5,2.7732841709930206e-4,Down
KCTD3,654.4365025694264,-1.0607306314063092,0.24424684745305084,-4.342863142216004,1.4063775017416863e-5,2.8044510157218327e-4,Down
SPAG8,70.114359203454,1.4791648340808135,0.34071839190682307,4.341311972631415,1.4163445346845818e-5,2.8137217520711347e-4,Up
PANX1,423.489576153172,-1.2134233161596166,0.2794812779310594,-4.341698038388588,1.4138575927969816e-5,2.8137217520711347e-4,Down
AIP,691.4893207019286,1.125253142807711,0.2591965520348307,4.341312158567989,1.416343335922739e-5,2.8137217520711347e-4,Up
RNASEH2A,134.99808703792706,1.268750838512463,0.2923417464158536,4.339957785938913,1.4251009003904442e-5,2.824048263657618e-4,Up
GOLT1A,24.30286661519061,4.41831065005089,1.0181387480160404,4.339595815069875,1.4274501860984733e-5,2.8251766588455196e-4,Up
SNX30,966.5452953958463,-1.4208728426732165,0.3278121562361456,-4.334411691705735,1.4615044085663325e-5,2.8782207788056324e-4,Down
FAM173A,480.87191914757994,1.4699779087593678,0.3393929420058589,4.331197637969713,1.483004917732698e-5,2.9133337944518703e-4,Up
SLC10A2,486.4747365478718,-1.7187091009130036,0.39727852661399105,-4.326206894597548,1.5169894584557133e-5,2.965415477101913e-4,Down
IFIT1,327.289723355402,-2.5687671644863572,0.5937642273351764,-4.326241033440203,1.5167544872361782e-5,2.965415477101913e-4,Down
HMBOX1,172.55766087022064,-1.8673038175729713,0.4318532929545433,-4.323930946080624,1.532732905957237e-5,2.9815036049337285e-4,Down
HOXB3,100.19903778536725,1.2784429903495331,0.2957886025261316,4.322150953184845,1.5451541010430464e-5,3.001986664119495e-4,Up
TUBAL3,258.163898757154,-1.4718549816812252,0.3406263260484375,-4.321025326362841,1.5530584497416086e-5,3.0063044844815304e-4,Down
SBF2,1712.5593673804856,-1.0241297972191965,0.2370340741752773,-4.320601587693646,1.556043992083132e-5,3.0084148948033565e-4,Down
PTMS,3870.8394297357736,1.6921082621612005,0.3917600622566436,4.319246460229255,1.5656286069693254e-5,3.019589657159672e-4,Up
ASMTL,915.8982520501904,1.2431109511124658,0.2881882113217726,4.3135385219643405,1.6066213012444917e-5,3.0873970840985247e-4,Up
ST3GAL4,118.07884593884809,1.127180914678645,0.2614866070725253,4.3106640424073905,1.6276503145432505e-5,3.120252831249398e-4,Up
LRTM2,37.804917034651645,2.4829330641836345,0.5760624359492038,4.310180475649996,1.63121365471531e-5,3.1233117420140065e-4,Up
SMTN,795.0641477925396,1.251932688384086,0.29069786175330303,4.306645672703717,1.6574879002172428e-5,3.165981400739867e-4,Up
EMID1,166.1323605393336,1.6850804675732562,0.3914047035537,4.305212615673297,1.668254327008676e-5,3.17955809273092e-4,Up
ADPRH,615.9926437230775,-1.0478164709820124,0.2434875118262649,-4.303368427903845,1.6822076417412236e-5,3.197806215252508e-4,Down
RADIL,40.34512669003177,1.6656299799164678,0.3871019573252271,4.302819834406247,1.6863797739572623e-5,3.2019026497635914e-4,Up
MBL2,2947.642806673777,-1.5551960720560318,0.36155446556527826,-4.301415748314808,1.6971030148020342e-5,3.2184129216191983e-4,Down
LOC101104137,938.8916041315139,-1.083427653473605,0.2520458307970878,-4.298534318331296,1.7193128276670623e-5,3.25275953677703e-4,Down
CD248,334.2271096033926,1.6991342051065845,0.3953266204576591,4.298051578564434,1.723060727322464e-5,3.2559693958082703e-4,Up
SH3RF2,61.96406638472825,-1.427451913553946,0.3321453190589684,-4.297672830669997,1.7260067027304152e-5,3.2573990251396164e-4,Down
HSD3B7,58.61956628691233,1.8352168277369656,0.4270501488603171,4.297426971128964,1.727921614797176e-5,3.2573990251396164e-4,Up
TOP3B,364.1138224311399,1.11051651211033,0.25877547004807716,4.291428827871553,1.7752710424205526e-5,3.3347783735315306e-4,Up
GJA4,105.07464601132594,1.6723497654520605,0.3897671244076258,4.290638334348296,1.7816026372550828e-5,3.342716153800228e-4,Up
INF2,459.66717881231284,1.2469094742918994,0.2907148637690647,4.289114970338797,1.7938650168083776e-5,3.3617496353954406e-4,Up
MRPS2,1245.0136194202153,1.3514073677757223,0.31523593958735113,4.286971116125706,1.811258334905123e-5,3.3783905464099896e-4,Up
CMIP,771.0281914100594,-1.0773894725393007,0.25144157762634267,-4.284850113931302,1.828624281184935e-5,3.4067785463906655e-4,Down
PEX5,1732.6205656879822,-1.1407940005438393,0.26658165413184415,-4.279341743373057,1.874468638082999e-5,3.4758692397536734e-4,Down
ABHD11,322.12038949901813,1.0205557198320065,0.238553871494188,4.278093302111305,1.8850101312435692e-5,3.487268742800603e-4,Up
MRPL12,912.2489180781239,1.1697544489937894,0.27355611833572246,4.276104135818323,1.901922848515881e-5,3.51037457842937e-4,Up
NOSIP,710.9703064660066,1.1542041121102562,0.2699402055376872,4.275776962572973,1.9047184155296087e-5,3.511451267096571e-4,Up
FIZ1,290.7974792604849,1.2314288022161544,0.28834245237531086,4.270716268353396,1.9484616904276152e-5,3.5813387879865836e-4,Up
TMC6,741.0855481574933,1.0082487504426183,0.23618356824153733,4.268919967419219,1.9642172385178197e-5,3.6043954019645495e-4,Up
LOC114113908,17.883678529736635,-3.390023273143549,0.7943488675273987,-4.2676755915770475,1.9752028495512238e-5,3.6161931754240565e-4,Down
ETV2,69.59225328345926,1.439784732081282,0.337794971011874,4.262303632787568,2.023302706022327e-5,3.6999866189737785e-4,Up
CEMIP2,483.6253401560673,-1.1010336544139716,0.2583620238962683,-4.261592465524399,2.0297533905978987e-5,3.7075115729528704e-4,Down
RPL26,2462.8919853286166,1.8192330006356132,0.42724665855560306,4.258039154211088,2.062278347476526e-5,3.762591288447689e-4,Up
MAB21L4,38.458197619592724,2.7540590498968402,0.6472035111281195,4.255321552715821,2.0874879570127558e-5,3.8006382479594203e-4,Up
RHPN1,281.7225470481798,1.1368686864825814,0.2672167749019623,4.254480980468689,2.0953446819829187e-5,3.8059993097202703e-4,Up
RAC3,151.68633220158188,1.939345067618662,0.45583950090134845,4.254447154719858,2.095661435579611e-5,3.8059993097202703e-4,Up
TMEM134,236.96682410108684,1.4251842324255015,0.33550160977055743,4.24792069820516,2.157637371085384e-5,3.9051514243145153e-4,Up
SFT2D3,188.91552993172138,1.077237040343432,0.25397428741145034,4.241520081905996,2.2201102077399962e-5,3.999978357259587e-4,Up
SYNM,1173.795348284062,-1.2186171393072314,0.28730447277390114,-4.241552968325146,2.219784865443884e-5,3.999978357259587e-4,Down
CLASRP,464.16739610669254,1.2203620076207047,0.28779471504811677,4.240390611122483,2.2313115439928316e-5,4.0156018296823374e-4,Up
TSPOAP1,182.68400534079504,1.8190835919108062,0.42903454014498393,4.2399467215298845,2.235728451002131e-5,4.0189940773224033e-4,Up
AEBP1,2543.4589802011646,1.3337108640629765,0.3146555295467561,4.2386379352179615,2.2487999711523616e-5,4.037918771730932e-4,Up
PCK2,9881.70721200605,-1.2287938086789438,0.28996018127395534,-4.237801905351878,2.2571878663481036e-5,4.048400339270446e-4,Down
TNFRSF25,76.79487877811908,1.644779918223354,0.38833926150359516,4.235420111412369,2.281247985438175e-5,4.0869355838442606e-4,Up
CROCC,261.9007416352648,1.2845992669024504,0.30344966389313033,4.2333191291813845,2.302673857140347e-5,4.120669913685313e-4,Up
CPT1B,113.99370225495493,1.0634740548673003,0.2513297628203005,4.231389243094455,2.3225235143381758e-5,4.151510781879489e-4,Up
FOXD2,101.66474683766185,1.4609047028427387,0.34531206117868674,4.230679628901732,2.3298630414948237e-5,4.1599455632899143e-4,Up
KCNJ8,182.33183691187855,1.0874898611312354,0.25731742777316535,4.226258091192708,2.3760945212371365e-5,4.2377245320895576e-4,Up
SLC3A1,7653.13430414848,-1.9475203995444808,0.46086145570458337,-4.22582616844586,2.3806571989476734e-5,4.2410967136808546e-4,Down
MRPL57,394.0012423940266,1.873589646803813,0.44340954102222485,4.225415723992966,2.38500071150209e-5,0.00042440713333713763,Up
LOC101102072,493.6661090327859,1.0888764919309983,0.2578207807903583,4.223385285674067,2.4065988878716862e-5,4.2681501840432715e-4,Up
CCDC61,186.94334358911743,1.1874581926900767,0.2811487653439744,4.223593837366735,2.404371936031325e-5,4.2681501840432715e-4,Up
OLFM1,117.09505568728312,1.5645361031948244,0.370524281130766,4.222492783523317,2.416151372302887e-5,4.2803092335450584e-4,Up
PAPPA,1216.3578794445245,-1.3451223298880401,0.3190522051501824,-4.215994461642639,2.4867986286102818e-5,4.385883847992334e-4,Down
LOC114117764,129.08562282894277,2.31679376371169,0.5496557606894856,4.214990416557291,2.4978879597850675e-5,4.400552229263971e-4,Up
LOC101121655,191.19902645052687,1.3871102445863588,0.3294259101681477,4.2106895716804456,2.545923833396254e-5,4.4653534814915736e-4,Up
NDUFB10,1773.5739216390944,1.0689754812306635,0.25393506826156165,4.209641025750657,2.5577675008529953e-5,4.476092476799197e-4,Up
LOC101111335,559.4019662454981,-1.013125993526107,0.24068185195226496,-4.209399193616986,2.5605065009347135e-5,4.476092476799197e-4,Down
LOC101111732,36.67202808807485,-2.5573234210253117,0.607602822355559,-4.20887350574025,2.5664700886588927e-5,4.4815819270937964e-4,Down
COL6A2,2555.3964049813917,1.1084806379570076,0.26351835421052544,4.2064646361271665,2.5939665204469348e-5,4.4998940523556497e-4,Up
RHOBTB1,1200.198436628746,-1.1439763430202916,0.2719432601137434,-4.206672901331735,2.591578222992324e-5,4.4998940523556497e-4,Down
LOC105608783,53.04037321007283,-2.0904851817472734,0.4970605167174033,-4.2056955067621855,2.6028047240294354e-5,4.5042393758529855e-4,Down
CARD9,231.59433290561896,1.8408720103909384,0.4377289963196578,4.205506205594421,2.6049844056152212e-5,4.5042393758529855e-4,Up
SIX5,155.34165884719167,1.4407351318076107,0.3425430248586432,4.205997574763512,2.5993301965363657e-5,4.5042393758529855e-4,Up
YIF1B,208.50178393953445,1.5525357124042078,0.36948842825683015,4.2018520572585984,2.6474013248010342e-5,4.560145945613673e-4,Up
ASH1L,1966.618517264744,-1.010456589930862,0.24075646147909938,-4.197007148730594,2.7046539932905377e-5,4.646209181331245e-4,Down
MOB2,430.612366780278,1.3644684781876868,0.3252140008150153,4.195601895269598,2.721479017998311e-5,4.6700579948851016e-4,Up
TAGLN,1371.2138304731425,1.0786600150131682,0.257291810351501,4.19236047015857,2.7606687736268416e-5,4.73219173258951e-4,Up
FBXL8,112.98422848510994,1.3995819987614297,0.3340320331187804,4.189963416663528,2.789994323140813e-5,4.777300959138525e-4,Up
UQCRH,1372.7158252419342,1.4244401461811882,0.34008094556467655,4.188532656000535,2.807639142225143e-5,4.802333631954708e-4,Up
LOC101104528,1372.6018054156743,-1.2081436513691592,0.28847999362184595,-4.187963387689389,2.8146890898099953e-5,4.8092098947851515e-4,Down
TBC1D23,976.041667152693,-1.2305683480255893,0.29394577644941533,-4.186378735866463,2.8344025134144205e-5,4.837685064024419e-4,Down
RRAD,165.71275791944691,1.4090949110746696,0.33667057312770843,4.185381864485557,2.8468709992689768e-5,4.853746871256334e-4,Up
NR2F6,863.7394206045583,1.0451455751089929,0.24997932187181254,4.180928115506031,2.9032164284325336e-5,4.934675743817734e-4,Up
ZNF704,1457.6316122676942,-1.0883232523891695,0.2603088027209535,-4.180893004820252,2.9036648048420354e-5,4.934675743817734e-4,Down
NUBP2,320.49929888249886,1.2484097048216607,0.29865150080898173,4.180155470305661,2.9130986204852128e-5,4.945413305129602e-4,Up
REM1,187.59324935771212,1.266363100899056,0.30304639182510473,4.178776369097653,2.9308169508727877e-5,4.970177079188435e-4,Up
LOC101123281,809.9382063571778,1.03514331854437,0.24780040397836323,4.177327001592595,2.9495484184517717e-5,4.99660427386179e-4,Up
NELFB,1451.2792863238494,1.2309622607563455,0.2948609602461796,4.174721060830211,2.983513879489141e-5,5.048754350653638e-4,Up
ASB14,61.604131799794246,-1.6320852564441386,0.39110633534216027,-4.1729962134627785,3.006199397558912e-5,5.081725563093995e-4,Down
LOC114118454,84.12104251491616,2.205928626312102,0.5292361738098487,4.16813652481865,3.070999857107593e-5,5.169245040495103e-4,Up
GP2,361.20279144521396,1.9356815593289367,0.4644443677930388,4.1677361026617,3.076397982630768e-5,5.172845887531587e-4,Up
IER3,2706.7540468985017,1.1766052669948253,0.28234613005572534,4.167244179201621,3.083041988641548e-5,5.178531797429344e-4,Up
RTP4,85.47417679866699,-2.343098214095525,0.5625825447490804,-4.164896753312137,3.1149349603984376e-5,5.215544580844347e-4,Down
FZD9,23.371066716869663,2.4378238291571024,0.5861935571345396,4.15873528374108,3.200144974078103e-5,5.352571251163512e-4,Up
ADAM12,166.33158618253108,-1.3050880571100119,0.31388111987439454,-4.157905571486006,3.2117872607368054e-5,5.366389388386874e-4,Down
OVCA2,15.289332319203888,2.9485165834709615,0.7096705037836698,4.154768399913325,3.256171917351437e-5,5.423422543978946e-4,Up
PEX16,378.1458039023008,1.1601105636724074,0.2793214831909967,4.153316638660184,3.276908063963091e-5,5.446530020867659e-4,Up
MRS2,794.4321562573056,-1.1556145561415674,0.27828506213658283,-4.15262877306145,3.286776895627267e-5,5.457218584130922e-4,Down
TPGS1,521.5257135718349,1.5029522845990906,0.3619670760155753,4.152179532854582,3.29323739470713e-5,5.462231678807342e-4,Up
ZFAND2A,103.70810724320557,1.4547867732805912,0.3504128628889859,4.151636333456976,3.301065228035294e-5,5.469499829290628e-4,Up
LOC101115527,1758.3129886651218,1.06772137494668,0.2573280900854321,4.149260870013063,3.335505228129752e-5,5.52080025923916e-4,Up
RBPJ,246.2660969595296,-1.6643377244484212,0.40117243481980563,-4.148684156716776,3.3439178893224517e-5,5.528959235126591e-4,Down
FA2H,125.23167057402927,1.5587867797999688,0.37583736462068085,4.147503485645171,3.36120354248647e-5,5.551756902173541e-4,Up
FBXO8,308.17377087121645,-1.23263251617787,0.29731472501859274,-4.145884520522105,3.385044081118869e-5,5.585322733846134e-4,Down
BAK1,366.87118785745145,1.1243418276725883,0.2712906166091822,4.144418416403619,3.406772126423974e-5,5.615336860096338e-4,Up
SLC30A7,96.59095818794253,-2.0583443288669727,0.49673801040086785,-4.143722215269751,3.417136334846152e-5,5.626577286619603e-4,Down
C9H8orf82,175.07498600812244,1.7620871756032899,0.4254804939329718,4.141405307010104,3.451843776458956e-5,5.660239283443493e-4,Up
MYO15B,112.1755558241596,2.884000632557748,0.6963051071755344,4.141863391260045,3.444955199320148e-5,5.660239283443493e-4,Up
DPH5,295.0971503804689,-1.1541667208613293,0.278825005042538,-4.1393946023070916,3.482235374760587e-5,5.698301247791216e-4,Down
LOC101108198,272.09622416801693,-1.2430112619921678,0.3004860157451923,-4.136669252010127,3.523834617190247e-5,5.754508938133826e-4,Down
LOC114117931,33.03868185408746,1.9822165709806867,0.47960949641931533,4.132980238672474,3.5808952500304155e-5,5.841680401205835e-4,Up
GAN,65.13148980214578,-1.9265231979431772,0.46625464043788756,-4.131912115949912,3.597579777899879e-5,5.862873081581598e-4,Down
MGLL,951.3472750112228,1.149609272603018,0.2782709740307452,4.1312583053524,3.60782896757522e-5,5.873545559212459e-4,Up
TIMM17A,507.8491543658656,1.20888576691659,0.29271816602885625,4.129862465718706,3.629803122554866e-5,5.90108213491328e-4,Up
EXOSC6,443.7999541012522,1.3683274474367093,0.331337253617463,4.129712045650251,3.63217869703917e-5,5.90108213491328e-4,Up
KIF21A,382.91117056372065,-1.8532485963470497,0.4489205421754273,-4.128232999466629,3.655615930670236e-5,5.933087082569392e-4,Down
TRADD,281.2945474649416,1.0840955953392932,0.2626611046227749,4.127354892899865,3.6695984213098404e-5,5.949697215674269e-4,Up
ATP7A,214.46589004341251,-2.57970344901023,0.6253139630674253,-4.125453134543344,3.700055255061736e-5,5.992956843223974e-4,Down
CMC1,70.12414565392982,2.229583991932659,0.5405613138457833,4.124571875242883,3.714249934069507e-5,6.009815413199316e-4,Up
DMPK,516.7447888692528,1.2491237727305096,0.30293947210316063,4.123344389750382,3.734107548653767e-5,6.029653013202568e-4,Up
BRAT1,478.4699259753184,1.5948670271468706,0.3867812007754372,4.123434706623295,3.732643021464516e-5,6.029653013202568e-4,Up
P3H4,130.057495254368,1.1794205904403077,0.2861242502931407,4.122057425163945,3.7550355960913304e-5,6.057284554548546e-4,Up
ZBTB42,191.6254864100828,1.3600696615275132,0.33016842637194954,4.119320785674805,3.7999083346363367e-5,6.117235800779166e-4,Up
FJX1,230.75804137955825,1.28638402546591,0.3127574977340646,4.113039766546901,3.9048308926430494e-5,6.260745531204356e-4,Up
EMX1,374.40401996730316,1.1658418000873907,0.283660561222624,4.109989048397914,3.9567788262432476e-5,6.312155809945635e-4,Up
ZNF574,323.6272305413544,1.1295874043302536,0.2750029494531041,4.107546506598035,3.998842770970486e-5,6.366462517915199e-4,Up
TSACC,25.070495153604515,2.369841044512601,0.5772123253219591,4.105666044450357,4.031515686666371e-5,6.399224849445531e-4,Up
HVCN1,159.8456705032591,-1.3783363578755954,0.33587966499835054,-4.10366122605953,4.066628231372899e-5,6.442074841974254e-4,Down
ZNF579,140.7776814571573,1.9794358150122073,0.48264721185677023,4.101206360225742,4.1100182176355344e-5,6.49137504164466e-4,Up
SMPD5,11.175278275354037,3.5426922792047857,0.8647746274248065,4.096665381770614,4.191440791830851e-5,6.593730395315272e-4,Up
LOC101103044,57.2882464115008,-1.8482455805502596,0.4514357927053057,-4.0941494015667965,4.23721038157518e-5,6.653074726602759e-4,Down
ATP8B4,138.08345606672103,-1.3166179323456837,0.3216406098480084,-4.093444335178487,4.250121446969822e-5,6.653074726602759e-4,Down
ACP2,237.65745511168714,-1.2449736837264576,0.3041006336914824,-4.093952941214566,4.240804188275221e-5,6.653074726602759e-4,Down
LOC101116812,77.4715724453839,1.7626435720935312,0.430572745760382,4.093718400547488,4.245098376842408e-5,6.653074726602759e-4,Up
SF3B5,1040.3198949519528,1.3633614159804126,0.3331147205575065,4.092768442351234,4.2625333223000075e-5,6.66593018964217e-4,Up
KIAA1328,119.72253913910728,-1.7442721643406873,0.4263229322183966,-4.091434057427462,4.287138561976477e-5,6.69781007817447e-4,Down
ZBTB20,481.5109798018558,-1.8810456316977044,0.4603436512864279,-4.086176982002755,4.3853931348228894e-5,6.824445610690562e-4,Down
C6H4orf48,376.88595282635333,1.9702134913633305,0.4822446018248054,4.085506574688604,4.398075507709201e-5,6.837478210956723e-4,Up
SSH2,937.6513225577796,-1.055937283127629,0.258646816121466,-4.082545066519352,4.454517027019911e-5,6.911686096763152e-4,Down
DOCK3,461.5508714972385,-1.109877679519264,0.2719419262327771,-4.081304030218679,4.4783728387264927e-5,6.935142640888353e-4,Down
DMWD,355.46446754087856,1.2614124554721338,0.30916431183358695,4.080071363964903,4.5021876705398425e-5,6.965226597902428e-4,Up
MAEA,1045.8930803855346,1.0397852794581188,0.25490060670029974,4.079179304114603,4.51949692236332e-5,6.985197142032422e-4,Up
KIAA0825,161.71067686838745,-1.653396480904494,0.405397797061858,-4.078454527596283,4.533606711419505e-5,6.993385746390846e-4,Down
LOC101109273,175.87389374643638,1.1554524628243221,0.2833675293863654,4.077575385318365,4.550777731643402e-5,7.013057760619002e-4,Up
RNF187,788.2918344614204,1.0750649366193163,0.2636941566083792,4.076938793209325,4.56324984886485e-5,7.025457308538483e-4,Up
GABRG1,24.667117562814333,-2.660022142461112,0.6525136394232323,-4.076577073258346,4.570351104310563e-5,7.029572003752091e-4,Down
LRP3,35.528029066624306,1.8599058434441271,0.45657895256036607,4.073568947964639,4.6298136740268356e-5,7.114136732606773e-4,Up
ZNF784,183.73165666174165,1.5482736514263291,0.3802098901435497,4.072155121587638,4.658013973707549e-5,7.150546983042546e-4,Up
METTL23,273.08308068498684,1.2746611005197128,0.3130919055679917,4.071204262554481,4.6770714119493385e-5,7.165941556165237e-4,Up
MARF1,1464.34749183136,-1.3453394425778031,0.33049327162587916,-4.0707014577311496,4.687178656735265e-5,7.174502103988318e-4,Down
LOC101115486,932.0481960395084,-1.0786073411074673,0.26504206887379217,-4.069570335345816,4.7099919233344544e-5,7.202476088544104e-4,Down
GSDMD,92.75266843277093,1.2721685174331885,0.31292168383493585,4.065453380674793,4.7939176721499965e-5,7.295671640463748e-4,Up
TNFSF10,279.1227383605296,-1.4861323073062915,0.36566711992373296,-4.064167179199085,4.8204267479775506e-5,7.328987909065868e-4,Down
LOC101115435,321.93085594405966,1.1808593984590912,0.2909222362964292,4.059020766139989,4.927893164349125e-5,7.463719832451637e-4,Up
ID1,1331.2231713029691,1.6001463700734944,0.39455138530178435,4.0556095598285,5.000372712587625e-5,7.551942537288618e-4,Up
PRR15,87.13474639908794,2.2091843034511127,0.5450311098845941,4.053317807709893,5.049632902683126e-5,7.619089644894416e-4,Up
HRG,447.83770812680774,-2.0358393267729435,0.502788990013866,-4.049092894251322,5.141653455713847e-5,7.735873488392976e-4,Down
LOC101110918,539.9566140981659,1.2015535942226725,0.29677888975588396,4.048649131381995,5.15141051509492e-5,7.743213930502051e-4,Up
PTPRJ,727.6276367319126,-1.4117285363116772,0.34874436019457045,-4.048032591907865,5.164995560171839e-5,7.756288980757577e-4,Down
FOXJ1,92.20346407449232,2.1799457165775107,0.5385857790036289,4.047536718497023,5.1759464351263675e-5,7.765387312359247e-4,Up
HDAC10,309.6078171235651,1.2340140246733038,0.3050616629973656,4.045129802770269,5.229414124872718e-5,7.838195505581176e-4,Up
PCSK1N,687.5376217954787,1.91251772996644,0.4729646709950919,4.043679892501499,5.2618748805681e-5,7.87940943200542e-4,Up
SPEN,927.5305218270337,-1.0948326343709833,0.27076996350815347,-4.043405037198728,5.2680498617595425e-5,7.881221060858551e-4,Down
HSPB7,20.989069663054288,2.3473679148594275,0.5806440176581851,4.042697149152894,5.2839851181352974e-5,7.890119217720713e-4,Up
PCLO,136.99021788000667,-1.0802529941446755,0.26719977637568826,-4.042866385583415,5.280171290258766e-5,7.890119217720713e-4,Down
TRHDE,173.07930730680695,-2.642393276233294,0.654118622037953,-4.039623987466875,5.353696086632572e-5,7.964312838155465e-4,Down
DIAPH2,186.69316375730986,-2.02075457058753,0.5005524902022823,-4.037048281931244,5.4127932228401656e-5,8.029651105246911e-4,Down
CLMN,784.959384878659,-1.8840843155721505,0.46714020348412916,-4.033230926218409,5.501516789215308e-5,8.100877648353058e-4,Down
LOC114109597,523.2528354955174,-1.5068174203010771,0.37383812877003914,-4.030668100278164,5.561853479520924e-5,8.18195554035548e-4,Down
ME1,131.02238294248224,-1.3962765916662085,0.34651141081445713,-4.029525574307446,5.588953548069633e-5,8.214209228565675e-4,Down
LOC101105867,168.98913276950915,1.3942328305327278,0.34606109521857853,4.028863255062245,5.604720608474311e-5,8.229762277364731e-4,Up
SLC52A2,813.946940582782,1.330233804882429,0.3304797220525822,4.025160141809781,5.6936555477129834e-5,8.352624261446228e-4,Up
TMEM132E,26.169559464972778,2.2485557352317636,0.5588887416036825,4.023261819122942,5.7397627922510645e-5,8.412488901329747e-4,Up
ONECUT2,16.952654558090675,2.676247336118503,0.6656039911043492,4.020780181438151,5.800571332418527e-5,8.47812787840509e-4,Up
LOC114111316,15.208414346573031,2.6996575210582088,0.6715006835251511,4.020334732774836,5.811550721904702e-5,8.486361049567004e-4,Up
MOSMO_1,83.96032023644932,-1.8278340221476077,0.4549708028022293,-4.0174754311479335,5.8824966246474425e-5,8.574184474107333e-4,Down
RNH1,2250.4979372474577,1.110959501450505,0.2766885108805554,4.015199250286539,5.939559488755046e-5,8.649415391285215e-4,Up
TMSB10,2565.597337102239,1.6142607738182733,0.40217554857932086,4.013821276605764,5.9743589899587904e-5,8.692117346252602e-4,Up
PRSS53,612.4122749776011,1.3732649413539992,0.34229270370181836,4.011960893417969,6.0216476887957516e-5,8.73689339709826e-4,Up
RAMP1,74.35318980897783,2.186998598560049,0.5460828794139893,4.004884022196327,6.204791582117683e-5,8.986191312313319e-4,Up
DPY19L3,257.80510225910115,-1.9196230268112957,0.4792972606857399,-4.005078234882573,6.199695888387609e-5,8.986191312313319e-4,Down
ZNF81,44.19967194300116,-1.8260472327972332,0.4564543872531123,-4.000503191099041,6.32079347681854e-5,9.145848209438532e-4,Down
PDLIM2,842.1635497859478,1.1723004847405996,0.29307972633290247,3.999937148190901,6.335930872471379e-5,9.153036244673875e-4,Up
LOC101116039,568.0089149080309,-1.7560425651229545,0.43902312741499555,-3.9998862371162045,6.337294042018894e-5,9.153036244673875e-4,Down
AP2S1,789.3605292844878,1.4381311289876082,0.3596311583246155,3.998905811407757,6.363599646857082e-5,9.182674290414769e-4,Up
S100A13,465.6637517307375,1.2791413077255624,0.32022613303775044,3.994493814703026,6.483261385009442e-5,9.329900994039426e-4,Up
ARMC6,143.44757982841895,1.0274006334558445,0.25729697482570996,3.9930536849560476,6.522779304753574e-5,9.378267744959554e-4,Up
RPS28,3164.854534857592,1.9284596569967154,0.48301088995107827,3.9925800786645604,6.535825049597957e-5,9.388520453598948e-4,Up
CCL5,98.42266206614786,1.8915953074309768,0.47386693765582866,3.991827994560046,6.556592373999034e-5,9.409836415233876e-4,Up
DNAH12,667.4312525671032,-1.9665415639478836,0.4927351935430044,-3.9910718570912267,6.577534571246698e-5,9.431364611508477e-4,Down
DNAAF3,24.79711949898447,2.267896125877978,0.5683657247062981,3.990205649803934,6.601603090014548e-5,9.448804855527585e-4,Up
GNB1L,458.8553707200108,1.7591883657368241,0.4408722617235569,3.990245062956353,6.600506144825882e-5,9.448804855527585e-4,Up
LOC114108710,85.62683704398236,8.755126644892588,2.194393254588749,3.9897710342412553,6.613710738297456e-5,9.457606355765363e-4,Up
FHL3,94.00634941450129,1.1986987672024951,0.3008144394457687,3.9848445088308284,6.752432678735366e-5,9.647287480609042e-4,Up
ARMC7,218.9487781074476,1.4257882619152018,0.3578485068840597,3.984334807849699,6.766941050762192e-5,9.659321519671607e-4,Up
LOC101113346,59.04877667942401,-3.0167068044602448,0.7577459031416646,-3.9811588448750155,6.858009835995344e-5,9.78052022702193e-4,Down
STON2,762.3296010517751,-2.0454680179587466,0.5139440441864918,-3.9799430328966316,6.893178458771098e-5,9.813042302786873e-4,Down
HSD11B2,6831.928770825385,1.0671808251912722,0.26816134317055534,3.979622165423472,6.902488302542257e-5,9.817490755040612e-4,Up
PTPN13,3249.157788222367,-1.2149557800856003,0.3054832933884898,-3.9771594924522256,6.974338862007538e-5,9.910804006861742e-4,Down
TAZ,248.36610623316488,1.1025915940671425,0.27725747213890023,3.9767786439124966,6.985513415690492e-5,9.917804512276848e-4,Up
LOC105602111,133.3381242903494,1.0010092584411887,0.2519385175760583,3.9732283418671455,7.090501638939894e-5,0.0010044741123871991,Up
GALK1,474.8753704106766,1.1802085229633636,0.2970922680315085,3.972531936907207,7.111269822129416e-5,0.0010060355248365438,Up
SIGLEC1,75.30372085533932,-2.092951488698395,0.5269192429786725,-3.9720536241321303,7.125567381750168e-5,0.0010071605614471986,Down
SLC2A8,173.82831516470333,1.0043332806655823,0.2530427045173575,3.9690268193315563,7.216676005688693e-5,0.0010173205882619595,Up
COL5A3,64.04797078563178,1.553084714614397,0.3913635436585208,3.9683939390366954,7.235864854883414e-5,0.0010186807207005343,Up
LOC101119226,62.695616303799135,1.7270195344293389,0.43522409656881356,3.9681156168619416,7.244318817111974e-5,0.0010186807207005343,Up
CXXC1,827.7186368655551,1.2168024790460361,0.306668544360373,3.96780987624262,7.2536163752974e-5,0.0010189084311955365,Up
LOC105607199,80.98846037226306,1.720388627550163,0.4340029793759399,3.9640018831758677,7.370367039318576e-5,0.0010329353943452511,Up
TGFBR3L,34.88543780954826,2.022138878251885,0.510136564024146,3.963916764366987,7.372996924293893e-5,0.0010329353943452511,Up
LOC114112940,24.83220304174007,5.723057815553412,1.4447015065617321,3.961411952268125,7.450785709273051e-5,0.0010429128885651776,Up
MICALL2,114.76632219507466,1.465603181535782,0.3700029428304185,3.9610581751710665,7.461834868537666e-5,0.0010435392499409547,Up
LMOD1,118.94532587317894,1.2193951304898025,0.3078993524504691,3.960369259581223,7.483395548866348e-5,0.0010456332530559467,Up
VSIG10,278.37370013793793,-1.2370071813307124,0.3125091717761308,-3.958306805205882,7.548296001894716e-5,0.0010537739880217662,Down
JAKMIP2,10.352270731884742,-5.782993382855798,1.4611622354537552,-3.957803755487784,7.564206309801492e-5,0.0010541408845959534,Down
TPD52L1,75.69790782196957,1.6250671438965103,0.4106651684632788,3.95715845582317,7.584662091008076e-5,0.0010560643979874666,Up
DBP,824.6779811971716,1.440760315960306,0.3641818921466505,3.9561558304500593,7.616548784308227e-5,0.0010586878862701144,Up
NDUFB7,1208.4868834250371,1.4437472027339986,0.36501661443070105,3.9552917474338587,7.644131043677762e-5,0.0010606231823102896,Up
LOC114111314,19.33301258709129,-3.0098208735265644,0.7611658658890426,-3.954224707660912,7.678322190126884e-5,0.0010635079242921818,Down
PNPLA2,1862.728113230044,1.0484697439754298,0.2651406555309019,3.954390705853979,7.672993630123551e-5,0.0010635079242921818,Up
SDHAF1,215.6722163003141,1.1524295162124218,0.2915975935580937,3.9521228627108966,7.746094982609096e-5,0.00107195959598042,Up
LOC105603426,17.710556320374884,2.2828728211201486,0.5776729105158706,3.951843300184371,7.755151817588488e-5,0.0010722780905974049,Up
STK25,631.2340526611683,1.0985818363660422,0.2781765945706118,3.9492245494693496,7.840477587516376e-5,0.0010815876068299183,Up
MAN2A1,2720.4591052189085,-1.0726374695850158,0.271697661113635,-3.947908366926998,7.883696671708158e-5,0.001085083445034701,Down
SPEF1,47.41475688228213,1.5561766486381845,0.39421276738855293,3.9475551716577213,7.895332708735419e-5,0.001085083445034701,Up
A1BG,61.208350097980464,1.9685144812677624,0.4986678347868504,3.9475465308669455,7.895617583412586e-5,0.001085083445034701,Up
SLC16A2,4188.1304025226245,-1.4889303462536065,0.3771444392922924,-3.947904810813514,7.883813747219851e-5,0.001085083445034701,Down
LGI4,58.52134410144615,1.264669759922545,0.3204170757593327,3.946948697804253,7.915350906650712e-5,0.0010868543680040378,Up
LOC114109096,131.64904919911058,-1.8394549031556557,0.4661167101468093,-3.9463397537846188,7.935498907655507e-5,0.0010886791198030758,Down
SLC9A3R2,2172.1022816155473,1.1698967881853404,0.29650481577577753,3.945624913795795,7.95921252797471e-5,0.0010909894685366371,Up
HSPA4L,293.26034159076943,-1.228618015670137,0.3114057873920893,-3.945392363961402,7.966941409813466e-5,0.0010911066522689312,Down
TRABD,1111.297188178332,1.3387416931389782,0.33938177406070225,3.9446481675221876,7.991722769673924e-5,0.0010926151207841016,Up
TBKBP1,244.66295984532022,1.0834357752126564,0.2746911117606549,3.944196695219904,8.006792058549102e-5,0.00109373330761919,Up
BRF1,758.4442609541002,1.2494273634605708,0.31682569195893456,3.9435796880466234,8.027430030550866e-5,0.0010956096033958203,Up
WNK4,1926.6951028023245,1.1164421365663104,0.2831618667575981,3.942770081827598,8.054586440819951e-5,0.0010983715685149063,Up
NDUFB4,751.5972317948607,1.4008473484097048,0.35552953366078505,3.940171535077786,8.142336670630217e-5,0.0011065351881242589,Up
LOC114117859,22.25594366755018,2.0076449700145687,0.509663749517497,3.9391559080182237,8.176878320254212e-5,0.0011102787816714723,Up
LOC114110487,334.63649598038967,-4.589615557565379,1.165192403477216,-3.938933642091088,8.184456071818587e-5,0.0011103578737433884,Down
IFIT2,191.75520721863737,-1.3232919132652532,0.3361140420942765,-3.937032517356367,8.249543186970238e-5,0.0011172781485220017,Down
CASP7,168.65882311076626,-1.3915475854231567,0.3535151161435173,-3.9363170678626003,8.274163847242708e-5,0.0011196573124235593,Down
PKP2,391.5547280579501,-1.0588448692173962,0.2690845914269594,-3.9349888583449792,8.320055574293987e-5,0.0011249083656794587,Down
PAH,7524.070308271463,-1.9402756608310474,0.49312136060791717,-3.9346818366154057,8.330697833681155e-5,0.0011250497018836022,Down
PTGFR,259.396303557587,-1.2706918085397028,0.3230021513555074,-3.9340041643906423,8.35423346300335e-5,0.0011266503632816668,Down
B3GALT4,496.5117810374178,1.4076840409084608,0.3578766306703639,3.9334338156465503,8.374090421283478e-5,0.0011283695862226882,Up
KIF26A,55.10106917023742,1.8389564816050616,0.467906301053063,3.930181058614371,8.488191941418411e-5,0.0011418056837808003,Up
C14H19orf48,112.59623865596555,1.1910398684144434,0.30307010694916026,3.9299153598617345,8.497576846634621e-5,0.001142100231046836,Up
RAD52,646.2191018128824,1.3246884969142565,0.33731266815574357,3.927182765346432,8.594667126326534e-5,0.001153196545191725,Up
GPBAR1,72.44559824999163,1.7384284170256221,0.44285269218848716,3.9255229734173356,8.654150961047591e-5,0.0011601971132154426,Up
LOC105602828,113.97689184456362,-1.4258076577539915,0.36328856941812027,-3.924724799455456,8.682894327969517e-5,0.0011620875351421598,Down
CCDC167,121.40430473168597,1.76993410487317,0.45102958705493856,3.924208423731589,8.701537771820192e-5,0.0011626221300681978,Up
MAMDC4,28.868024064384706,2.277517707545611,0.5807723060806591,3.921532903170668,8.798743072780308e-5,0.001173043171597961,Up
MANEA,177.3521292337606,-1.6655604685562906,0.42474551015700157,-3.921313889676287,8.806745392632495e-5,0.001173043171597961,Down
PARP14,731.5401890744374,-1.2002750189488967,0.3063241066649721,-3.9183172098878987,8.916931128932743e-5,0.0011824431730121088,Down
PLEKHN1,15.361558579702452,2.7687105758910953,0.7067136392689961,3.9177262501328944,8.938813466822872e-5,0.0011843554771191942,Up
IRX2,72.35236708672409,2.2394169552829974,0.5718750538111138,3.9159199904926445,9.00601140693966e-5,0.001192263711946232,Up
DQX1,55.541065020658344,1.5991422761361442,0.4084889894787223,3.9147744916621345,9.048874154294225e-5,0.001195943209418087,Up
ETV5,839.9895234499752,-1.152381718676907,0.2944736140124365,-3.9133615503772723,9.102009620364938e-5,0.001201965047454681,Down
CDA,169.31585859130172,-2.0345365443766283,0.520688844772561,-3.9073941468158817,9.329689310997161e-5,0.001229754995972317,Down
LMF2,1077.9216681517808,1.1668173086691198,0.29864497699745335,3.9070381172996247,9.343441851840323e-5,0.001229754995972317,Up
MAP3K5,755.2465783669771,-1.367195804164554,0.34993059215730987,-3.9070485256400125,9.343039531837216e-5,0.001229754995972317,Down
ACTG2,24.10303606853345,2.639322924652692,0.6756329836008429,3.906444754349023,9.366404547916987e-5,0.0012317559187165397,Up
CDC42EP1,614.6415309287894,1.1619171234375567,0.29753691927488685,3.9051191572098345,9.417896825264028e-5,0.0012367807773470015,Up
C17H22orf15,30.453285363182538,2.716422340727628,0.6959072476694331,3.9034258513973277,9.48406149564126e-5,0.0012441364307463944,Up
BCO1,1128.8782498570336,-1.079476024714611,0.27698409568184157,-3.8972491256485484,9.729152297143311e-5,0.001273131363664928,Down
SRFBP1,68.85399194182463,-2.1435982038444235,0.5507440966456244,-3.8921855302676427,9.934522557377784e-5,0.0012967983269182367,Down
LOC105605098,9.536401901011587,3.570865567551447,0.9180593693723906,3.88958022398114,1.0041776956455215e-4,0.0013097216567774332,Up
RRAGC,374.11893333715165,-1.2219443472030103,0.31425777847270475,-3.8883503636462695,1.0092786364555984e-4,0.0013142149135733975,Down
BCL7C,397.91970960487157,1.0692246940727241,0.27496857617420367,3.888534133425222,1.008514885889298e-4,0.0013142149135733975,Up
CELA3B,10.405368243789916,3.258612944181344,0.8381230294367917,3.8879887913008324,1.0107829318813345e-4,0.0013150948752256083,Up
LOC114115272,61.564583520568334,1.8048798103191965,0.4644888978938957,3.88573293894204,1.0202161396576396e-4,0.0013251956452361468,Up
LOC114117869,23.148078773665087,2.775594831757974,0.7145204030120176,3.8845564382173294,1.025168774625898e-4,0.001327284172890447,Up
CFAP46,72.42809188243467,1.6574519504821041,0.42670393925578975,3.884313684501836,1.0261934986329098e-4,0.0013275280687693705,Up
TMEM204,664.429469567065,1.021682898290357,0.26328830241850504,3.8804720487215563,1.0425392620916974e-4,0.0013453842038358952,Up
ADGRG6,353.46965897476,-2.055121098127391,0.5296914599366768,-3.8798456338583884,1.0452277812026488e-4,0.0013466640073887697,Down
EVA1B,637.2864229520445,1.2291568455866029,0.3169841408264939,3.87766038509605,1.054657997482414e-4,0.0013566115392251504,Up
F12,19.78193379037833,5.0241480952508235,1.2958677828138436,3.877053015656738,1.0572932623672297e-4,0.0013589000772109342,Up
LOC101117650,398.4735098114609,1.4473252687816165,0.3736162838948718,3.8738281257271567,1.0713898690131302e-4,0.0013725723479294121,Up
UBR3,1614.8550929318596,-1.086320428988506,0.28065414499631836,-3.870673027126524,1.0853528876433097e-4,0.0013871019634108096,Down
ELF3,440.81770180653547,1.1643631707486186,0.30088242152968425,3.869827837827826,1.0891223620451067e-4,0.0013907996180806096,Up
ERCC4,184.65171181200003,-2.0010315409566815,0.5172500300914035,-3.8685962775160756,1.0946371369689114e-4,0.0013967182697031777,Down
VPS13A,997.4297918866463,-1.0738269743390232,0.2776673693224984,-3.8673142507134877,1.1004058746162848e-4,0.001402951200625244,Down
S100A14,357.7066562093489,1.355264124773907,0.35054649084031214,3.8661466030515297,1.1056848862754096e-4,0.0014085502568097574,Up
MRPL14,907.5881959935296,1.154747851545096,0.2987155154385486,3.865710992111655,1.1076604239900289e-4,0.0014099353576578772,Up
LOC101115614,253.24908221506362,-1.1628695202727801,0.3009914476501197,-3.8634636610158104,1.1179053000293086e-4,0.0014195608661892172,Down
TUBB4A,179.18366265383298,1.3796500885726208,0.3573154632723155,3.8611541631523756,1.1285266611345409e-4,0.0014307590808457322,Up
LMBRD2,221.95681894535107,-2.3750359891367907,0.6151619764264106,-3.860830285600246,1.1300237595448418e-4,0.001431513737849583,Down
GBGT1,130.36415490415703,1.3338759870543029,0.3455859485155981,3.859751800626518,1.1350224875369017e-4,0.001436699517119078,Up
FBXL15,621.3928601323873,1.300394006578181,0.3370949927955697,3.85764853934452,1.144831064567016e-4,0.001444507431468382,Up
CNOT3,444.46496173570534,1.0468487414258452,0.27156815931816575,3.854828725334367,1.1581067785390982e-4,0.00146009760887618,Up
MAFB,2952.341391336655,-1.2408085840751373,0.3220323206348971,-3.8530560585622062,1.1665266950828711e-4,0.0014683805099960678,Down
LOC105604251,263.604273164656,-1.202277973878045,0.3122979145290106,-3.849779066540518,1.1822441602253775e-4,0.0014858211756030668,Down
IGSF8,178.63200550310444,1.2907317411955337,0.33532033349203483,3.8492498434372266,1.1848011308814653e-4,0.0014878440150697387,Up
DOK3,11.096961698963193,2.8738964353280223,0.746711294437723,3.8487384036317267,1.187277134721123e-4,0.0014885979430828108,Up
ROM1,87.10766269251899,1.4088429897756962,0.36646780784781874,3.844384034847447,1.2085561836678817e-4,0.0015105049057764005,Up
LOC105602957,91.51463933090525,1.8303759778501756,0.47619813194489224,3.8437277575502855,1.2117943088983153e-4,0.0015133604299876443,Up
TMEM163,51.58377658811926,1.8931154430455077,0.49257471243906714,3.8433061934329227,1.2138786532681312e-4,0.0015134427163009698,Up
POLR2I,233.75159893688067,2.1012048150060862,0.5467422335929825,3.8431360994334858,1.2147206076780919e-4,0.0015134427163009698,Up
FLT3LG,166.82333374495855,1.2959012986623526,0.3373037237670999,3.8419418682645237,1.2206474970717441e-4,0.0015184433950642473,Up
ARID5A,38.926282479935665,1.5315746497804963,0.3987264198520047,3.84116670861432,1.2245091426864343e-4,0.0015220543165122766,Up
LOC114111483,85.96148610026495,3.0231844701364268,0.7871157767147275,3.8408383614855586,1.2261483535301262e-4,0.0015228992813445768,Up
SLC41A2,257.2605435665206,-2.184423705464011,0.5694848624056923,-3.835788885127312,1.2516188917339674e-4,0.0015478039277937118,Down
MRPS34,1042.3389368395017,1.1789160886391925,0.30735324173512457,3.8357040972913383,1.2520508053216948e-4,0.0015478039277937118,Up
TRMT61A,249.2111901921071,1.4375797015272986,0.3750905687940609,3.8326202286269293,1.267856014351774e-4,0.0015612628794263545,Up
XRCC3,34.32109090623261,2.271951116515117,0.5928547459196476,3.832222196333814,1.2699096275886395e-4,0.0015625794975747656,Up
WDR25,59.104213547151645,1.3450596430834578,0.35120701235063817,3.8298200086636562,1.282370216983875e-4,0.0015754692302000811,Up
TRAPPC6A,88.27476837175873,1.280620796231495,0.33446632533878423,3.8288482254060754,1.2874436980439536e-4,0.0015792576367118759,Up
RAB20,142.85947477035572,1.5388018265572623,0.40200248365004837,3.8278415908913184,1.2927190733836072e-4,0.0015832816243686726,Up
ENGASE,112.08490785869323,1.1479980265152903,0.2999944653565077,3.8267306870179465,1.2985645264809522e-4,0.0015884339541870308,Up
ARL15,2190.874313897755,-1.0253709595288747,0.26802934412323903,-3.8255921674658593,1.3045811300099573e-4,0.0015941198057465784,Down
WDR86,38.646486153594566,1.9773844092080404,0.5173813964290684,3.821908601383456,1.324227734934874e-4,0.0016156392649209264,Up
KIAA1211,794.8575770452268,-1.0606119463232044,0.27755526781178214,-3.8212639763062777,1.3276944308914461e-4,0.0016183257859910113,Down
STAG2,1051.7012202506057,-1.9156437712059433,0.5016472629742584,-3.8187067140526647,1.3415314280503237e-4,0.0016329853034848763,Down
MRI1,122.12586421352427,1.441561137336613,0.3776056808664689,3.8176362549121348,1.3473637814231097e-4,0.0016388279925309594,Up
GPR137,177.08891748900143,1.103428449106745,0.28907692702467835,3.8170754769803743,1.3504286846587635e-4,0.0016412982014998893,Up
NAPA,1522.6496498471117,1.0142285869637322,0.2657878858852923,3.8159323310974718,1.3566968439743067e-4,0.0016476548587914437,Up
PTER,1091.7439027995047,-1.8085116242699557,0.47414314065954466,-3.8142735161248393,1.365841309997498e-4,0.0016574922869717343,Down
LOC106991938,75.22818917231734,-1.5404432917011261,0.40390781145113797,-3.8138487249521256,1.368192356187798e-4,0.0016590769495621785,Down
CDH6,3220.6379230230805,-1.097353538024618,0.28793811724691487,-3.8110742284377968,1.3836420842085672e-4,0.0016765305956215715,Down
RP2,73.21035983424902,-1.3231369322644704,0.3474553036485385,-3.808078099170025,1.4005104498314457e-4,0.0016956752379995834,Down
PLK5,23.126395735764323,2.728333175660815,0.7166575796086975,3.8070247957895225,0.00014064864826107289,0.0016993506205452973,Up
TMEM145,117.7020962167255,1.545840262579591,0.4060545243178352,3.806977068354495,1.4067578374576454e-4,0.0016993506205452973,Up
LOC114112580,66.54670137538032,-1.851125391225007,0.48620792094862675,-3.8072711518424622,1.405086606435584e-4,0.0016993506205452973,Down
ARHGEF26,116.94853954684088,-1.0316066837801907,0.2709937072764132,-3.806755124125275,1.408020351697596e-4,0.001699582284600452,Down
EIPR1,642.0023725594107,1.3611486497090803,0.3576013263885946,3.806329980526865,1.410441731953059e-4,0.0017012113686391264,Up
ADIRF,122.87684830648644,1.9805380225675138,0.5203867464474644,3.805896357061543,1.412915448476872e-4,0.0017016090222817441,Up
BICRA,207.1633488312235,1.0420466885295663,0.27382360986115867,3.805539957120325,1.4149516824228068e-4,0.0017027693749126012,Up
COMMD4,556.4693664055106,1.3223321384731828,0.34781303732863805,3.8018475346102423,1.4362110231745242e-4,0.001725736379322424,Up
ZBED3,240.53353989646564,-1.0890076038731038,0.2866646346338207,-3.7988906628268917,1.4534519004980785e-4,0.001745131771301513,Down
LOC114112591,23.982840407844183,2.188252787341552,0.5760546292134082,3.7986897012347076,1.4546307089544194e-4,0.0017452270025119804,Up
LOC101108705,86.5969189443909,1.03490658640713,0.2725592849412371,3.796996263144191,1.4645999633871464e-4,0.001755860666075844,Up
IRF2BP1,463.6511559652188,1.0368768049694959,0.27312140199156765,3.7963952931140432,1.468153309025594e-4,0.0017571339136067778,Up
GRIN2D,24.49771507813416,2.391559018432064,0.6300198980035597,3.79600553254042,1.4704621777499906e-4,0.0017571339136067778,Up
RAD54L2,312.8165850124119,-1.2066931410644701,0.31788520421482314,-3.796002849660788,1.4704780824683448e-4,0.0017571339136067778,Down
BBOX1,5474.967939379072,-1.2659343634796414,0.33368884871161947,-3.7937568737086775,1.4838497138666186e-4,0.001766358859923869,Down
LOC114111673,75.04388610772804,-2.1303982409952398,0.5615694282120682,-3.7936506760669437,1.4844847975420156e-4,0.001766358859923869,Down
LOC114108707,94.15434504913863,1.2427799834379003,0.3276340955817608,3.793194909190291,1.4872132840364094e-4,0.001767157989184051,Up
LOC114110610,37.869893513895846,-1.5389849656717396,0.40580035936714887,-3.792468217800022,1.4915734507347573e-4,0.0017708111730376068,Down
RPS21,3242.8983774431035,1.155700843310385,0.3050902657458297,3.788062003502917,1.518269642160991e-4,0.0017984697037329409,Up
MAPK8,571.9036014544222,-1.1734151349832675,0.3100208672870416,-3.784955333012561,1.5373618828599074e-4,0.0018197274546335057,Down
ZCCHC14,617.3872097773308,-1.5304170174795828,0.40450167766177536,-3.7834627196756476,1.546614993490062e-4,0.0018293159308247209,Down
KLF2,830.0832726987364,1.3263145187035619,0.35059720979337383,3.783015043061044,1.549400463890526e-4,0.001831245983867038,Up
MTTP,193.00960611060722,-1.5393904637102458,0.40708486994326204,-3.7814976123401496,1.5588771758948976e-4,0.0018383400752585224,Down
LOC101119989,77.33733079552444,-1.7167438705436266,0.4540369817102227,-3.7810661679521376,1.5615815921821366e-4,0.0018401621835714222,Down
DDX58,256.8351027727364,-1.5026966778457205,0.3976582001687999,-3.778865058504637,1.5754476394689104e-4,0.0018499232143654207,Down
DGAT1,464.2521732607272,1.104684012835682,0.2923352105835113,3.7788264049024205,1.5756921727600636e-4,0.0018499232143654207,Up
RAB4B,325.47829217802786,1.1300162133345986,0.2990202197481203,3.7790628817224055,1.574196714552759e-4,0.0018499232143654207,Up
CCL26,243.06746727632085,1.1044878018777933,0.2923501324990896,3.77796237831783,1.5811675742339443e-4,0.0018536095203704134,Up
RAB25,61.68512547643219,1.3105615023597459,0.3470143365056001,3.7766782651027335,1.5893381869316824e-4,0.001860521157172229,Up
WDFY2,196.66194643310286,-1.0120721372681003,0.2682175625318869,-3.773325384491855,1.6108597571381418e-4,0.0018800865386068917,Down
TNFSF12,238.04065210255553,1.1983092211016797,0.3177048607015566,3.7717686108282082,1.6209453751120926e-4,0.0018876937592923143,Up
AGO1,306.1113807889461,-2.0580534855852832,0.5458148570850737,-3.770607301853829,1.628507621266225e-4,0.0018937217195867245,Down
PLD1,761.5714787279059,-1.2729474313475386,0.33793645572371145,-3.7668248269380835,1.6533692360265028e-4,0.0019156153199597578,Down
LOC101111764,59.29739050096305,-1.2363153489429684,0.3282803171256833,-3.7660355630448614,1.6586017749080134e-4,0.0019188765286526892,Down
ABCC10,220.71055107201173,1.012334952077641,0.2689927129386237,3.763428908606258,1.6759938721207452e-4,0.001931957206403238,Up
ZBTB38,1164.384753981601,-1.0060065152562518,0.26755997507655377,-3.7599290214032015,1.6996157226456936e-4,0.001953511974334185,Down
BBC3,45.95944144224699,1.9067772784980215,0.5074263555189006,3.75774190236557,1.71453590461692e-4,0.001969235051663124,Up
FBXW5,1419.0444593783045,1.0406517026833921,0.27720508767900415,3.754085869767434,1.7397521975154895e-4,0.001996752467907691,Up
ALG12,1097.5224616585995,1.091190858178001,0.2909356957941937,3.750625564179321,1.763939449990881e-4,0.002018674180944863,Up
OXLD1,209.55878597600113,1.561046850826959,0.4162624298870625,3.750150719224148,1.7672831453722273e-4,0.0020210436143006747,Up
DNAJC6,282.1039096177699,-1.762319786662725,0.4700441683324353,-3.7492642296039236,1.7735414574517386e-4,0.0020252822700813993,Down
LOC101112306,82.94166954292551,-2.727221614215837,0.7275281011952325,-3.7486134346362325,1.7781491049839165e-4,0.002029084165593796,Down
NDUFS8,1337.3458011043558,1.307210397344626,0.34882345109891433,3.747484273853899,0.00017861703150528027,0.0020353109411940513,Up
MATK,80.94118031418316,1.3650782984955714,0.3643663770673695,3.7464441957639116,1.7935888004759164e-4,0.0020422980652764866,Up
HSD11B1L,81.20379676346485,1.3701320598817166,0.36573782202372546,3.7462137558002846,1.7952363577298868e-4,0.0020427087244621143,Up
ADRB3,12.369703065709647,4.190828877369734,1.1192457094078023,3.7443332077521383,1.8087348427928024e-4,0.002056593707711329,Up
LOC114112987,32.78070219870134,2.0327248248255017,0.5429714916946401,3.743704514727412,1.8132688150745613e-4,0.0020602731497264505,Up
CDKL5,58.30899939635234,-2.5463805929105203,0.680299203846135,-3.74303038797388,1.8181423142893933e-4,0.002064332829378794,Down
TEDC1,100.560586031822,1.5554334524774918,0.41574199038681675,3.7413431610078107,1.8303939072603767e-4,0.002076025667870944,Up
TFEC,413.04901402620453,-1.1854353213568105,0.31693281906167947,-3.74033627967733,1.8377421883738256e-4,0.0020795597218567154,Down
CHCHD10,6022.742277937377,1.70058280386234,0.45466641647499795,3.7402868174140917,1.838103880655813e-4,0.0020795597218567154,Up
LOC114116592,102.19176504597391,1.2643047982692575,0.3380788056658548,3.7396748245699016,1.8425846119224964e-4,0.0020817726609939683,Up
RAMP2,609.5644778362789,1.1174047330377002,0.2987983695218539,3.739661413901972,1.8426829135617247e-4,0.0020817726609939683,Up
CMYA5,374.9457136779638,-1.135198287066992,0.3036303438486398,-3.7387511164987193,1.849367028486426e-4,0.0020863541466357525,Down
LOC114108602,1099.033887411308,-1.379670045658221,0.36907917487616393,-3.7381411349506175,1.8538587360436844e-4,0.0020899360594617473,Down
SNTB2,1188.0900220352078,-1.0959804752203415,0.29351609764141473,-3.7339705863740678,1.8848451637815255e-4,0.0021218544173549044,Down
UBL4A,913.1106364259917,1.0066541813236072,0.26984941273669366,3.7304293943594864,1.911537080864781e-4,0.0021503776105291756,Up
NME4,394.3830689612981,1.2966789542440909,0.34765011110104344,3.7298390330938656,1.916021360946815e-4,0.002153234069975451,Up
MYL9,4080.2346069371206,1.3356957320580822,0.35819797165757017,3.728931590196104,1.9229334189523146e-4,0.0021586083563670502,Up
LYL1,70.34298433148163,1.5486922231938218,0.415497222856641,3.7273226823183054,1.9352462273114593e-4,0.002167830865639717,Up
ZNF274,102.122620065453,1.0153746574265994,0.27252462734868943,3.7258088096656645,1.9468993613341827e-4,0.002173598154523444,Up
LOC101115345,50.05429103546879,-1.5123354761547927,0.4058755301500326,-3.7261065617721654,1.94460219867949e-4,0.002173598154523444,Down
MYBPC2,60.94142774456746,1.5525674481058365,0.41675440142605436,3.7253774472285013,1.9502318534894608e-4,0.0021738785260139192,Up
ASB6,282.8661405711457,1.0241606557752563,0.2749908983702632,3.7243438304502314,1.958238886564271e-4,0.0021812719892234855,Up
MTPN,2188.274041684582,-1.0687554510002228,0.2870154143363976,-3.723686595269701,1.9633462904783164e-4,0.0021854274662526166,Down
SLC35D1,1255.2803003496972,-1.1917204132838493,0.32015508364275586,-3.722322318684863,1.9739881287304348e-4,0.0021941956279648593,Down
ABCA1,1337.6873405201825,-1.548297488225662,0.41594818615175877,-3.722332587984325,1.9739078225171393e-4,0.0021941956279648593,Down
BOD1L1,700.2886928139224,-1.2918664533169604,0.34711632850016433,-3.721710410163977,1.978778815745206e-4,0.0021964444854771785,Down
SLC45A3,652.147082958558,1.4803852572936025,0.3978329253290046,3.7211230218548046,1.983387806251268e-4,0.0022000219880242053,Up
LOC101103973,521.8064741791882,-1.5879478903488933,0.42676222432074506,-3.720919518770309,1.9849869611116827e-4,0.002200258242578613,Down
FOXI1,299.3856512962141,1.281590861087141,0.3446291358144497,3.7187536627116655,2.0020817741939174e-4,0.0022130253483133738,Up
CD274,15.112399045880535,-2.822651187206115,0.7590841304337782,-3.718495847875403,2.0041258594438813e-4,0.00221374319881369,Down
LOC114108991,425.04506147071316,-2.015949741339848,0.5421788104670551,-3.7182377887531723,2.0061738448736306e-4,0.0022144643560277565,Down
TCP11L1,370.6498352755626,-1.3542362033258775,0.36428455003763766,-3.717523027495837,0.00020118565378154539,0.002219193802970445,Down
NHLRC2,443.280998291855,-1.7025447251662735,0.4581963179068795,-3.7157538343908874,2.0259875757061766e-4,0.0022285863332767945,Down
CCDC74B,22.713234743332055,2.044602709367567,0.5502895069387639,3.71550371865457,2.027992826079168e-4,0.0022292472388057223,Up
MED13,1599.937568287037,-1.2346567544089477,0.33252667876524183,-3.7129554807257867,2.0485293269611335e-4,0.0022502633914777905,Down
LOC105604496,15.43003450562294,3.506026257075466,0.9445668781372825,3.711781916373637,2.0580527528698373e-4,0.002259161227268529,Up
USP34,2388.4762747728964,-1.1151383984049688,0.30055811304830654,-3.710225576994292,2.0707465367633432e-4,0.002270285280132817,Down
ZSWIM9,67.55773662594953,1.5849804164983894,0.42746122678243176,3.7078928267454514,2.0899106564841949e-4,0.0022893824603432453,Up
TMTC3,675.0405005816361,-1.0924714064052108,0.2946573199804751,-3.7075997517305908,2.0923300843979703e-4,0.0022904520985964814,Down
LOC101107641,1091.9123397552432,1.343615579000965,0.36242150208532575,3.70732854223598,2.0945713487374664e-4,0.002291325363095093,Up
PLAGL2,88.07065075107975,-1.482675666492742,0.4000213274873527,-3.706491540853204,2.1015025199618446e-4,0.0022973243456855617,Down
ZNF333,98.73163642431194,-1.5510147933763347,0.4184831814214414,-3.706277485532581,2.1032785581986114e-4,0.0022976834517747114,Down
FDX2,304.03002502138605,1.182037601689028,0.3189971873254274,3.7054796990519017,2.1099102967926848e-4,0.0023009136881194815,Up
NUDT16L1,434.5576391854625,1.0581458191443989,0.28554307730090256,3.7057309501127738,2.1078196132952236e-4,0.0023009136881194815,Up
ZNF280D,1364.4124456330453,-1.0214002432869833,0.27568708431474254,-3.7049259881935037,2.1145246535667712e-4,0.00230252579464975,Down
DPYSL4,296.00919045356244,1.6219978055609467,0.43780115289693056,3.704873307957702,2.1149641583817396e-4,0.00230252579464975,Up
C5H19orf24,181.68029345374606,1.4639884702015715,0.39521477478648215,3.704285779782658,2.1198716519045652e-4,0.002304707036348025,Up
DDX11,87.19240482907256,1.2574075028267688,0.33949713349432986,3.703735256568137,2.1244797539423087e-4,0.0023081360119319824,Up
LOC101108419,9732.21321539106,-1.5008169415736776,0.40534322139204726,-3.702583051517445,2.1341546394432933e-4,0.002317061326394213,Down
ARHGEF16,612.792495817258,1.1582452076541612,0.31296113080064464,3.7009235130606686,2.1481622573971582e-4,0.002325905832992162,Up
COL23A1,28.708363153040782,1.699887182088716,0.4593384892156199,3.7007288132799276,2.1498113008621753e-4,0.002326104620217131,Up
FREM2,899.0040801443582,-1.1938198557817747,0.32276681373734634,-3.698706945607034,2.1670062667755345e-4,0.0023383338186626825,Down
SLC35E4,77.14196896842483,1.712101419217079,0.46377003542329,3.6917034056640117,2.2275714360857888e-4,0.0023939229116445313,Up
TRMT44,184.59260442323784,1.5720676782843412,0.4260330846310358,3.690013135120302,2.2424247312472946e-4,0.0024065135860399825,Up
KRT18,165.83822966664263,1.1244972844409935,0.3048455369104707,3.6887444567418552,2.253634298435609e-4,0.0024121333256283497,Up
MAPK8IP2,67.4642060171815,1.698684482109261,0.46047920218257093,3.6889494119557784,2.2518198357253402e-4,0.0024121333256283497,Up
MFAP3L,876.511301541518,-1.5028519121756405,0.40744775027122576,-3.68845308674606,2.2562161511775574e-4,0.0024132694722130304,Down
LOC114113983,93.69953543376766,2.653993368705279,0.7196395497094896,3.6879481815259685,2.2606967318126233e-4,0.0024148074847955433,Up
GRIN2C,134.68949550292777,1.1201315394803821,0.3038074243662332,3.6869788215909036,2.2693223504708976e-4,0.0024175136690620506,Up
KIF7,183.2119702581392,1.0955551928114073,0.2971202075827415,3.687245649578779,2.2669449689768163e-4,0.0024175136690620506,Up
PKHD1,1602.1306170094565,-1.1628990575468119,0.315392428473482,-3.687149571647335,2.2678007337685268e-4,0.0024175136690620506,Down
MYRF,523.9277889003921,-1.3715572390181079,0.372128754506552,-3.685706149842713,2.2806938233180268e-4,0.002426370848359721,Down
DNAH11,452.28491853621284,-1.0900948268503712,0.2958075022136728,-3.6851493579191072,2.285685623697791e-4,0.002430052773272273,Down
NPR3,630.4226452272541,-1.8316645989259581,0.4971041197502623,-3.684669923568847,2.289992105582058e-4,0.002433001652737885,Down
CA3,387.49173418327945,-1.7044121887697483,0.46284860200528194,-3.682439962841884,2.310122827217867e-4,0.002449746199694183,Down
TNFSF13B,181.02864466443347,-1.2892924642417691,0.35012179553491546,-3.682411322814081,2.3103824487760298e-4,0.002449746199694183,Down
LOC105607598,278.824789255479,1.4129265224712653,0.3837940721592374,3.681470415950139,2.3189270024244368e-4,0.002457164773663757,Up
RPS26,1086.8312225080895,1.380783506900358,0.3751261622934124,3.680850992793061,2.3245682798200037e-4,0.002461499153140955,Up
NEXMIF,51.85061325117842,-1.7947295099191278,0.48764296117907047,-3.680417134658638,2.328527226043519e-4,0.002464047510599252,Down
TMEM258,228.17000773607762,1.6407078903610794,0.4459079677715343,3.679476503998497,2.337132200588779e-4,0.0024682168609411635,Up
FAS,85.34135224454648,-1.1466459590971483,0.3117249900185882,-3.6783895927906634,2.3471125227284242e-4,0.002473726210006787,Down
JMJD7,55.47004690518682,1.5063159111339384,0.4096622674593,3.6769701063171287,2.3602068709133888e-4,0.0024826748616307635,Up
FBXL20,337.2154859670875,-1.3355991906881557,0.3633614199795851,-3.67567693555137,2.3721956332201706e-4,0.002488688782954644,Down
DYNLRB1,949.4864467238335,1.183484726301822,0.3220190257913256,3.675201250589282,2.3766199832670577e-4,0.002491683553130648,Up
VAMP1,41.30886241958735,1.4370208220113267,0.3910457209598249,3.674815360424217,2.3802148379834922e-4,0.0024938052886674567,Up
ADAM8,39.20272911243338,1.483411390283813,0.4037335588497525,3.67423355767128,2.3856444104446807e-4,0.002497845232650951,Up
LOC101111747,80.77445415663354,1.8671610832296761,0.5087067328153492,3.6704076490126187,2.4216395286731873e-4,0.0025271981747948392,Up
ZNF467,212.91451112946245,1.2300657787529639,0.3352177656932565,3.6694528292946877,2.4307018271190714e-4,0.002534988837178779,Up
MRPS25,200.3889052358446,1.5023869863350552,0.40961737957047994,3.6677813522229963,2.446642637315099e-4,0.002549938186612119,Up
UBXN7,1193.1164593740068,-1.150742078355143,0.3138347168676721,-3.6667137716327014,2.456875375720587e-4,0.0025555689933691272,Down
CBARP,90.37251336819996,1.2239155399559476,0.3340038554638195,3.664375485295937,2.479428226249666e-4,0.0025725976551461477,Up
GRP,359.32602941157967,1.407510794924478,0.38434558499599303,3.66209695094885,2.501591449770639e-4,0.002588511152686398,Up
XPA,218.76972237730928,-1.0305883707684034,0.28147326786855886,-3.6614076305450896,2.5083329686784156e-4,0.0025937960398587944,Down
DOK2,43.77537205695435,1.6075316172452327,0.43907784224808954,3.6611540427880183,2.510817328566311e-4,0.0025946747041883504,Up
RNF126,500.63945978189196,1.0633808650001435,0.2904984005713282,3.660539482863844,2.516847653323986e-4,0.0025992142356025785,Up
VSTM5,123.7743406095226,-1.311328647273661,0.35825644716274285,-3.660307184026676,2.5191306043420466e-4,0.0025998803694877314,Down
ATP6V1C2,251.85635772342937,1.014098085788473,0.2775125339641078,3.6542424635841195,2.5794242587624886e-4,0.002655201119282554,Up
TNKS1BP1,632.340913070702,1.0213187087116296,0.2796892210668442,3.6516198401065303,2.6059144547288944e-4,0.0026755291164237867,Up
LOC114114851,169.4323749238151,-1.8265453448586875,0.5004354036323696,-3.6499123195538465,2.6232983875977523e-4,0.002688537744259035,Down
GMDS,378.40646912732217,1.0993201319460353,0.3012630307769628,3.649037617097819,2.6322456189571875e-4,0.002695589336110157,Up
LOC114118712,74.5714551323238,2.1830221040318043,0.5982798777863068,3.6488308985239426,2.634364295189886e-4,0.00269601962975816,Up
ALS2CL,232.0080823046402,1.1696187313251065,0.3206158564658073,3.648037699126845,2.6425087091062774e-4,0.002702612161059532,Up
FBXL19,190.22145139929472,1.0991809817906186,0.3016735191731503,3.643611095873902,2.688395340349526e-4,0.002741489928469795,Up
LOC101115729,65.59447701374104,-1.6903520360875963,0.46402612431589135,-3.6427949796569403,2.696936413498046e-4,0.0027474805457200586,Down
LOC101111694,181.16300580021354,1.9843768001163462,0.5447980681815517,3.6424079232510436,2.700996042472945e-4,0.002748237010631733,Up
CBL,641.3662327641731,-1.0733039809508782,0.29479482331726264,-3.6408508428785136,2.7173853720550105e-4,0.002759632630238591,Down
LOC114114509,242.5645260080601,1.0540294559075722,0.2895745827866746,3.6399239386422964,2.727185880404572e-4,0.0027678146726126452,Up
WDPCP,124.0586231558809,-1.806987317973732,0.4965271223622653,-3.639251989653361,2.734311353509779e-4,0.002771502178432996,Down
LOC101119721,1056.5495293885106,1.297460176822381,0.3567314092188543,3.6370786067407668,2.7574779853053517e-4,0.0027860883552356364,Up
UBE2L6,747.707845718841,1.202741906210157,0.33067475259153434,3.637235370357539,2.755800866510089e-4,0.0027860883552356364,Up
MISP,17.53113804011849,2.3568120175246206,0.6481936436071841,3.6359690360568964,2.7693759822721483e-4,0.0027945521275655315,Up
TMEM61,81.46707808123988,1.131216767496275,0.31126304289648643,3.63427908745489,2.787589883678376e-4,0.0028111444868886186,Up
XPC,1292.504778032783,1.115236546955018,0.30691468021613666,3.633702194269892,2.7938331721905524e-4,0.0028138650978541016,Up
OSBPL7,206.3232580968959,1.1520340455865297,0.3171582049689082,3.6323639985901246,2.8083659609259685e-4,0.0028249171671595624,Up
ACSL1,10021.321733185341,-1.021798127972616,0.28141664405013234,-3.630908652974307,2.824251390382358e-4,0.0028390970436693586,Down
RABL6,1063.651821517341,1.1854115199597186,0.32693479247744056,3.625834714552491,2.8802954889969634e-4,0.002875404421185459,Up
MMS22L,104.35629576740864,-1.4484630598540678,0.39945048256036636,-3.6261392164801576,2.876902943689034e-4,0.002875404421185459,Down
ARL6IP4,266.99841460844056,1.1234319954394785,0.30983676707738844,3.6258834160855966,2.8797526392622695e-4,0.002875404421185459,Up
APRT,488.74397311142224,1.0908025845444036,0.3011396779276895,3.6222479616463237,2.9205396539599493e-4,0.002906229216129242,Up
KIF12,4169.355712213026,1.0665956574607898,0.29469134307209816,3.619365422620644,2.953263504063354e-4,0.002933488836044907,Up
KCNJ15,9287.467231521838,-1.0923205982875823,0.3019439172775911,-3.6176274327240745,2.973159560765846e-4,0.0029514047347114617,Down
TMEM9,1811.8422028943244,1.1960577292535668,0.3306936118916128,3.616815342794052,2.982499127600021e-4,0.002958825540774696,Up
RPL30,4943.057806201487,1.1085220243538036,0.3065564961342148,3.6160448019619746,2.9913862512885423e-4,0.0029657885051032496,Up
TMEM82,147.0640863555901,1.5969840887465057,0.441683244840944,3.615677314908336,2.9956334358240415e-4,0.002968145413660113,Up
BAD,330.44469503072224,1.0111572215989324,0.2796748785856398,3.615473891371706,2.9979869049962036e-4,0.002968624213537414,Up
SLC35A3,1128.5045731435107,-1.1298800586568407,0.31267205978920076,-3.6136265562666217,3.019438697135364e-4,0.0029861402143071423,Down
DNAJC13,2298.2702867611606,-1.0395923378979655,0.28776077932933924,-3.6126964220796842,3.030294014767304e-4,0.0029950097693898763,Down
LOC114113694,111.4714917240021,-2.394112806323499,0.6629224772411818,-3.611452150916407,3.044872683554198e-4,0.003007545992909507,Down
HACD2,4204.479691687188,-1.0462843127311443,0.2898286882803185,-3.6100094815982877,3.061858125826076e-4,0.0030220938429179026,Down
JMJD1C,2060.5527797659497,-1.1283507890383193,0.3126457136889721,-3.6090396881654723,3.0733259296358086e-4,0.0030281240000630183,Down
MYEF2,334.1859803134689,-1.8421296292930263,0.5107534628781306,-3.606690435171012,3.1012727668357806e-4,0.003048864033229656,Down
EPN1,2552.013887498288,1.1306514094156324,0.3134930326776626,3.6066237254407567,3.102069812679326e-4,0.003048864033229656,Up
LOC114114495,55.4606976775064,1.52475773637639,0.42280016911478335,3.606331898042461,3.105558812830157e-4,0.0030504043957953635,Up
GLA,205.25908949585823,-1.5973245929179865,0.4439204660653853,-3.5982224633065587,3.2039951049737096e-4,0.003127737656903302,Down
CDPF1,997.6332345829954,1.4079584654689552,0.39145996984743897,3.5966856739340916,3.2229755212179786e-4,0.003142401133187529,Up
TLR2,245.53359730609404,-2.390630651705563,0.6647378551636524,-3.596351002331606,3.227122879104836e-4,0.0031445132879085983,Down
COL4A4,2284.0229341836275,-1.0440390371363488,0.29039440435274855,-3.5952450236201225,3.240864078936761e-4,0.003154991430707785,Down
LOC114116076,65.73243150144914,1.9522929715815036,0.5430783483800895,3.5948643089986225,3.2456069129732054e-4,0.003154991430707785,Up
ATF6,1266.9758038145803,-1.0882259917520285,0.30300027406672814,-3.591501674722493,3.2877806339787994e-4,0.0031918618962168493,Down
COL6A1,2753.5594191686873,1.0353836320436094,0.28850727053394415,3.588760969965892,3.3225329557124626e-4,0.0032216594750167334,Up
ANAPC11,739.7787170666762,1.0365926520157684,0.2892096019151879,3.5842262675627006,3.380789148694998e-4,0.0032661756638609676,Up
EPG5,539.2612469226472,-1.0444340931484348,0.29148454810405156,-3.5831542355912536,3.394700255379495e-4,0.0032776202648198732,Down
PRSS35,108.65180626955885,-1.1688113575066703,0.3262872489619376,-3.5821545623531725,3.407720643235658e-4,0.0032822056899320146,Down
KDM5A,603.6391701410125,-1.7098981279451722,0.47760561393107936,-3.5801466274052594,3.434014570736453e-4,0.0032975265142952035,Down
PLD4,89.29016619284225,1.5111313498343735,0.4220793900080372,3.5802064389014556,3.43322860366055e-4,0.0032975265142952035,Up
TERT,44.42303943755826,2.365508796339841,0.6607743567534555,3.5799040506991804,3.4372039331590046e-4,0.003298593593170065,Up
LOC114116359,9.287609166914832,3.6939406949642986,1.0321172881277538,3.5789931410460674,3.4492051943381326e-4,0.003306113167254178,Up
NFIB,143.73614342404323,-1.7688851608102887,0.49485659857945036,-3.574540919304909,3.508429427665563e-4,0.003354241591950863,Down
ADGRF3,30.041362876690155,1.6574493032229352,0.4637881345834814,3.573720799717001,3.5194420107788197e-4,0.0033579841228417438,Up
PPFIA3,21.370792264083452,1.7078144870329521,0.47788260159339063,3.5737113704048524,0.00035195688155719693,0.0033579841228417438,Up
ADAMTSL2,731.7514384643205,1.561904891334473,0.4373190698428331,3.571545352220295,3.54881079004154e-4,0.0033811688877748718,Up
WNT6,15.118304498394306,3.4449174339669844,0.9647067267226961,3.5709478731117237,3.556916851008559e-4,0.0033848286076773896,Up
ATOX1,587.9962936618837,1.143007152283924,0.32016278831455847,3.5700812024441912,3.568705841980571e-4,0.003389950199267361,Up
PANK3,463.23846933201435,-1.005458207972972,0.2818153235896442,-3.567791116415784,3.6000330915784257e-4,0.0034135797647923743,Down
LOC101110050,204.1768774473299,-1.5329830572063463,0.42985555879539356,-3.566274823808965,3.620916527779907e-4,0.003425197142160338,Down
DCAF10,161.89298569012374,-1.4523135584149232,0.40740320361080545,-3.5648064265157973,3.641248235539451e-4,0.0034362385994481394,Down
FNDC10,122.70472519526976,1.2975659080537,0.36401177302517357,3.5646262132405417,3.6437508439386056e-4,0.0034365571684989594,Up
TBCA,539.0400004435501,1.1682383963338416,0.3279298626327861,3.562464201810214,3.673900185401632e-4,0.0034629345393634263,Up
MRPL41,1072.3055730521717,1.2738618755415996,0.3576520166015154,3.5617354758575184,3.6841147449291265e-4,0.003469438729146089,Up
HELB,262.46181149031366,-1.077225189508282,0.3024756352698356,-3.5613618549715573,3.689362083292555e-4,0.003469438729146089,Down
VAMP5,219.25932792409174,1.3703912744126443,0.38526565521301565,3.5570034750565735,3.7510919601660897e-4,0.003516096717512147,Up
SPATA20,170.8325215781305,1.0192218452912678,0.28654764954425027,3.55690178199795,3.7525437494605266e-4,0.003516096717512147,Up
WFDC3,74.59580722117471,1.3134966737380012,0.3693126547344845,3.5565980664332586,3.756882777610157e-4,0.003516096717512147,Up
ANKRD33B,1181.6819056021652,-1.3009639432632634,0.36597673574322626,-3.5547722469879495,3.7830663201770436e-4,0.003535777061738897,Down
SLC17A3,2118.063978864421,-1.3915640167027234,0.3914753086276691,-3.554666120785246,3.784593478166941e-4,0.003535777061738897,Down
PLCXD1,151.96065475329596,1.5087214550021277,0.42455828246686605,3.5536262447544487,3.7995878287754736e-4,0.003545611852213586,Up
PPP1R7,344.2330228187734,1.0182015265510602,0.2866762174914729,3.5517474573256025,3.8268196280633455e-4,0.0035668295922636224,Up
ATP6V1G3,131.89382091126254,2.0464738928985593,0.5762251693541516,3.5515177082464158,3.8301621798313195e-4,0.0035678500164590685,Up
SLC25A37_1,64.46732896491966,-1.4745262770977914,0.41529855964198514,-3.550521047722705,3.8446939183926673e-4,0.0035792860156391095,Down
LOC114109664,3976.5959260843683,-1.0626299321679162,0.2996957637935596,-3.545695537091045,3.915783485860867e-4,0.003636935709249242,Down
GLDN,54.49235678515384,-2.5167022039291727,0.7105528028419538,-3.5418932890888275,3.9726615091234616e-4,0.0036795844866316326,Down
TRMT2A,409.57351538970784,1.1866207322065427,0.3350532753080759,3.541588217919866,3.9772583766215294e-4,0.0036795844866316326,Up
ABCC1,596.2106831391744,1.117631127539822,0.31562074931493317,3.541057202245679,3.9852716724967914e-4,0.0036799428305725173,Up
ASPG,102.21788373136172,1.8227351877700666,0.5149448715745782,3.5396705324913293,4.0062684043389696e-4,0.0036950318641529615,Up
TRIM56,178.78152453046016,-1.335325171188699,0.3775949928547259,-3.536395334835506,4.0562719475707086e-4,0.0037368081615664454,Down
PAPPA2,124.71679769323191,-2.7489764385990036,0.777550320797144,-3.5354321965692908,4.071087064680692e-4,0.003748281031187739,Down
HOXD10,162.6413669713114,1.0161312109233618,0.28745509957847576,3.5349214970039387,4.07896320265415e-4,0.0037511809337039004,Up
ELN,319.1336500716669,1.308014498286129,0.37038239973976006,3.531524443940027,4.131716726419981e-4,0.0037931023480893204,Up
CSPG4,71.49163016712497,1.504332899396662,0.4260274977676598,3.531069959754268,4.1388226375655725e-4,0.0037974295795421002,Up
LOC105607491,100.34053889831362,-1.6004771505311461,0.4534577132944225,-3.5294959234533585,4.163521188896864e-4,0.0038178839879468465,Down
DZIP1L,221.48435644761864,1.05991296834014,0.3003235591019437,3.529236838793445,4.1675997127686915e-4,0.003819417450391307,Up
LOC105603102,59.37651975098582,1.3309399126642225,0.3774098168354113,3.526511111513155,4.2107349595936846e-4,0.0038456269282871433,Up
BHLHE23,69.9588825798512,1.762559334949613,0.5000321199967958,3.5248922308449058,4.23655107939612e-4,0.0038647572001870465,Up
GPR146,99.23097020495375,1.4314251560434132,0.4061436613943146,3.524430619277051,4.243939385812394e-4,0.0038692733986789274,Up
ZNHIT1,832.3348067105404,1.3303635644617287,0.3775215624236676,3.5239406086393266,4.251795395736451e-4,0.0038742105807419457,Up
BIRC6,1913.2685932873599,-1.0518346631401903,0.2985372641738269,-3.5232943734881514,4.2621768116468044e-4,0.003879216314866383,Down
TMEM8B,108.35345655751642,1.1041849396131322,0.3135212968601558,3.521881769025876,4.2849520007201243e-4,0.0038932480313354626,Up
ANKRD13D,144.4041592178481,1.1305376790291821,0.32115959641531644,3.5201740556654455,4.31263689368365e-4,0.0039161604927597585,Up
PRRC2C,2225.193234799042,-1.0495141724246937,0.2983983173198007,-3.5171584808231473,4.3619326328563145e-4,0.003947374953325444,Down
LOC114118380,95.5606447873283,-2.0144696359285343,0.572969751271469,-3.5158394164059334,4.383660380261033e-4,0.003960820676115215,Down
LOC101121538,1723.6390384154884,1.4347618009535115,0.4084329225843471,3.512845614587333,4.433349982020065e-4,0.003998327515034346,Up
LIN37,153.6826952120583,1.0641597930621836,0.30313409746563036,3.510524886375869,4.4722294359216946e-4,0.004028813725106984,Up
COL7A1,28.69000399164311,1.698333242649416,0.48387331154740404,3.509871700132058,4.4832296002741273e-4,0.004034144186233063,Up
RMND5A,1689.9400931856662,-1.2397505528345596,0.35356428882182167,-3.5064360062091295,4.5415062662373793e-4,0.004080775940054973,Down
FCHO2,1066.7868460621808,-1.5938364846117803,0.4545750901651974,-3.5062116668833814,4.545336018406849e-4,0.004080775940054973,Down
NAA80,61.13750877353979,1.5038561551698766,0.42889821023726415,3.5063241563492453,4.543415306325886e-4,0.004080775940054973,Up
STPG1,25.01576236441215,-2.0010544173672256,0.5708706592749607,-3.5052675853207838,4.561485719802971e-4,0.004090647617538562,Down
ARL4D,143.22655114941,1.1600658997040394,0.3309894595822474,3.504842423587133,4.568776118092098e-4,0.004094872011432856,Up
CDC42EP2,124.42375727405442,1.5626663658211206,0.4461042670508366,3.5029173250276133,4.601922741057343e-4,0.004115285615143843,Up
LAMC3,1541.409273816267,1.0073430604818698,0.2878074078647457,3.500059529236537,4.6515426862514064e-4,0.0041573162758371945,Up
LOC101110986,19.86137921970952,-3.108909206980572,0.888551999113953,-3.4988489250834127,4.6727125637206985e-4,0.004171539174574727,Down
SEPT5,70.69851083554103,1.5723491232947426,0.4494244813068288,3.498583607912708,4.677364167214261e-4,0.004173344655772454,Up
C22H10orf143,86.24286018703967,1.3936994835490504,0.3985905362667169,3.4965694283731215,4.71281838073721e-4,0.004202616076260771,Up
HAPLN2,13.389414273010178,2.4066315600710366,0.6884735751276388,3.4956048380286227,4.729886034027729e-4,0.004213102189569143,Up
LOC105609489,50.44874376561349,1.3785783507140044,0.3943965786377121,3.4954115359614963,4.7333132871288445e-4,0.004213790342489969,Up
GPR155,313.3750523582987,-1.5129327378154351,0.4331440196241036,-3.4929092155731647,4.7778891283115055e-4,0.0042510893572695364,Down
MX1,422.53862754509777,-1.9774852715284308,0.5663162290791451,-3.4918393116579196,4.7970674277141674e-4,0.004263373531920883,Down
FAM45A,466.0394877324925,-1.126359879859377,0.3226110501480328,-3.491386545323036,4.8052049812800495e-4,0.004268215929930511,Down
ZNF703,109.99538514019794,1.0164328668588867,0.2913358761585096,3.488869548993916,4.850678099168025e-4,0.004298984559915916,Up
GTPBP6,1137.3338454150698,1.037844881297803,0.29749421385959846,3.4886220737980835,4.855170694046321e-4,0.004300564979162793,Up
ZNF451,315.84958726405375,-1.0795829374232049,0.3095469835896381,-3.487622217809727,4.8733613383097093e-4,0.004314270190908535,Down
PIGZ,166.0244804534193,1.288749213123751,0.36958577236949547,3.4870098079298266,4.884534439661907e-4,0.004321751123787817,Up
COL13A1,58.18785947924898,2.071147367901389,0.593991116238408,3.486832229103744,4.887778738529213e-4,0.004322212363045916,Up
MFAP2,139.20370957453696,1.4527543270163537,0.4172622825097475,3.48163346631364,4.983653518815188e-4,0.004394751794675193,Up
SLC46A1,411.4938301436283,-1.3759363870630295,0.3953709495545313,-3.4801150378228645,5.011985272679152e-4,0.004414319246009934,Down
SOX6,730.9753010286483,-1.1901141411830127,0.3423726419774478,-3.4760783873070262,5.08803545761674e-4,0.004466946173603457,Down
CLDN19,159.61904345790575,1.8129746979004715,0.5216056383352216,3.4757574777888474,5.094127298157855e-4,0.004467352630036444,Up
CRTAC1,173.29658699598602,1.1817671033731452,0.34001932818216496,3.4755880193375797,5.097346878419594e-4,0.00446770773059935,Up
SQLE,132.83308451679568,1.0768751509277386,0.30992400059861475,3.474642650610363,5.115342993325759e-4,0.0044810065857097,Up
MRPL55,446.219109790213,1.1068897310878105,0.3187606123314279,3.4724796234766107,5.156741565079071e-4,0.0045098048960055155,Up
PALM3,767.0229008421982,1.35588352671335,0.3907722855571091,3.4697535542478883,5.209361128692355e-4,0.004553314383024987,Up
LOC101106791,199.35111063921244,1.0010556200326888,0.28852206603501745,3.469598127413909,5.212376260755004e-4,0.004553442398842277,Up
ZNF18,158.08909224812066,1.0569484601130597,0.3046932081684302,3.468894060575164,5.226054867091107e-4,0.0045628805778513285,Up
FNIP1,1044.9472269765304,-1.021184967636226,0.29443835395445966,-3.4682471013751526,5.238653473777233e-4,0.0045713414689900955,Down
LOC101116756,118.60442733752348,-2.0075723837157917,0.5788679363001313,-3.468100853101848,0.00052415053698494135,0.0045713414689900955,Down
LOC105601988,236.91622983588317,-1.243058020329303,0.35860486110469364,-3.4663724761009185,5.275319141522368e-4,0.004598305367017274,Down
CHRNE,270.3295258618762,1.431020638178101,0.412949752750818,3.465362622560055,5.295169773887336e-4,0.004602969869710497,Up
LOC114117342,126.09091661378778,-1.868787701416966,0.5392751043149103,-3.465369876087744,5.29502694385665e-4,0.004602969869710497,Down
STK19,222.16475298276603,1.1262333880181936,0.32502678990682576,3.465047876025994,5.301370942356512e-4,0.004603318433699394,Up
LOC114108769,870.18074731711,1.1778474504638754,0.34014029300216503,3.4628283525832626,5.345292714885522e-4,0.004629778522356661,Up
SLC30A1,2029.9533822240312,-1.0994727001731313,0.3175156958714622,-3.462734959150566,5.347148274584863e-4,0.004629778522356661,Down
TTC31,123.50507940283875,1.0699361322377776,0.30903168262322245,3.462221488604665,5.357360737244946e-4,0.004630685847161404,Up
ERCC1,344.6040713907682,1.186520420687022,0.3426878038236728,3.46239465615046,5.353914562802015e-4,0.004630685847161404,Up
LARP4,807.3668753635152,-1.1176912605685037,0.3229334719436881,-3.4610573312245636,5.380582119051746e-4,0.004641649252882518,Down
LOC101118561,31.392459586906227,1.5947857912577736,0.46078009423507776,3.461056176710959,5.38060519454661e-4,0.004641649252882518,Up
TRIM50,39.680692580782406,1.9083141891555382,0.5516057080100639,3.4595620774843785,5.410545450077736e-4,0.004664942310107763,Up
LOC106990291,108.23890872978014,1.0357783903167581,0.2994109908171098,3.4593866694407556,5.414070615000305e-4,0.004665447495760034,Up
POLD4,357.1039952162266,1.1697516338287466,0.33818610067921634,3.4588992021830753,5.423878454827042e-4,0.0046673650113109155,Up
LOC114110615,106.1958885165622,1.4421063333960582,0.4169006351649605,3.459112823911725,5.419578350477038e-4,0.0046673650113109155,Up
PLCD3,50.26513179637043,1.2013711640448337,0.3474584828406014,3.4575962981913144,5.450174187142654e-4,0.004683844876692763,Up
C1QTNF1,336.0370697386054,1.058974882913135,0.30639704938189616,3.456217626930273,5.478128379791204e-4,0.004705320983356373,Up
SLC34A1,4211.538805491432,1.6027079965464697,0.46383689997270927,3.4553266388266395,5.496265209488293e-4,0.004713247848201387,Up
ELMO3,713.5159106412088,1.0530370178514465,0.3047540934229944,3.4553662791654314,5.495457108771425e-4,0.004713247848201387,Up
CARD11,405.7912069625258,1.105503147117037,0.320241170419282,3.4520956367653644,5.5625052939998e-4,0.004754639016244417,Up
STK32A,26.526521381835103,-1.93181475703974,0.5601372855842064,-3.448823720108036,5.630341348750731e-4,0.0048022787871424165,Down
LOC114110673,10.440017041942532,3.7618920123315873,1.0906854296729915,3.449108157114994,5.624413730035633e-4,0.0048022787871424165,Up
DDX21,396.5947565866889,-1.6897077131251668,0.48997481000590976,-3.4485603721235925,5.635834662384543e-4,0.004804382577660035,Down
IMP4,543.7549514125213,1.0984812449155819,0.3185601141365679,3.448269874880378,5.641900086286467e-4,0.004806971554998663,Up
TTPAL,156.82174134140195,-1.2751905861042347,0.3699736372393901,-3.4467066237995962,5.674644428550416e-4,0.004832276341973217,Down
GIPC1,486.8120826433908,1.002080051968644,0.29091198489947045,3.4446159112864656,5.71871380534375e-4,0.004867192720226346,Up
IGFLR1,115.45045790503893,1.4186198017794418,0.41200471718775133,3.4432125230570456,5.748473853245571e-4,0.004882050587082234,Up
SCX,18.304934774191867,2.142613819273454,0.622345787464697,3.442802799392283,5.757189552249341e-4,0.0048851421622312435,Up
B3GALT2,107.88354617521246,-1.4642780618409468,0.42532196017702156,-3.4427520771123725,5.758269379156213e-4,0.0048851421622312435,Down
HRAS,265.72504933210564,1.0705889640752433,0.31101290026202005,3.442265459642673,5.768638568733553e-4,0.004888713294260955,Up
CLDN15,16.999324160284388,1.9085793996082574,0.5546218929755405,3.441226218764552,5.790841688705954e-4,0.004902294939990912,Up
PIK3C2A,1536.2047206492682,-1.0767120637338607,0.3129626079384618,-3.44038564487415,5.80885851635653e-4,0.004914925971755181,Down
CACNA1S,12.369814735289275,3.5684855715249006,1.037725746562284,3.4387559365722273,5.843938392914652e-4,0.004936712831864517,Up
LOC101102690,1675.7975360430737,1.014193768296195,0.29492023377053705,3.4388748283893245,5.841372562668557e-4,0.004936712831864517,Up
LOC105602432,114.2513713478788,-1.1166004418043796,0.3247697937439158,-3.438128986480898,5.857486103537107e-4,0.004942896168072541,Down
UBE2L3,1376.0676459830024,1.0423460436160272,0.3032769511848094,3.4369444810886653,5.883161817176954e-4,0.00495665751189224,Up
LIMD2,49.12077860707078,1.555597264452633,0.45267011356131015,3.4364920896018933,5.892995617581029e-4,0.004959677594796589,Up
RIPPLY1,80.97950574260595,2.221792849771498,0.646735711342674,3.435395341257531,5.916899591182184e-4,0.004971887094273944,Up
SLC7A8,3677.433997397978,-1.6181499696049773,0.4710911730721739,-3.4348976633384454,5.927776381873089e-4,0.004978391243887384,Down
SCIMP,19.936050203364196,-1.9951013935373616,0.580967283578067,-3.434102831488051,5.945186101214902e-4,0.004990372236096463,Down
MTMR8,46.82548488784747,-1.4816967527214404,0.43177000345024447,-3.4316806190363,5.998535367024531e-4,0.005027178029608256,Down
CLDN1,210.6505269635236,-1.7631002533316233,0.514380334207751,-3.4276198681801313,6.088974215388809e-4,0.005080842253177328,Down
LOC114112432,16.8921604211023,3.255126743709777,0.9497052190398567,3.427512746534846,6.091377060288828e-4,0.005080842253177328,Up
TEKT2,68.16652560135434,2.2158300079894384,0.6472514704189726,3.423445305663205,6.183269353264798e-4,0.005149372216388884,Up
LSM3,155.5326950315169,1.050857036928073,0.3073522097990576,3.4190645241012194,6.283682398392585e-4,0.0052165737818873174,Up
PLEKHH3,619.56062780330706,1.1061217879394014,0.32363824233585015,3.4177722013195897,6.313592579173789e-4,0.005235927638935504,Up
CDT1,89.46302397711925,1.0094284259646857,0.29537136301951106,3.417489141958582,6.320161507506972e-4,0.005238638308546119,Up
LY75,586.5500369322423,-1.7715070927764833,0.5185483928422713,-3.4162811363978696,6.34826709343292e-4,0.005256444630884754,Down
HOXD9,1274.267195720112,1.1304891352196307,0.3314101794160579,3.411147892957131,6.468999312931643e-4,0.005347347963808163,Up
DNAJB14,319.52841668744236,-1.6348366001229269,0.4793167533849896,-3.410764569728732,6.478100102459233e-4,0.005347347963808163,Down
CIAO2B,282.881883015733,1.3465860572815749,0.3948038387492764,3.4107724523335654,6.477912835251875e-4,0.005347347963808163,Up
LOC114110434,114.61800646663983,1.7307143981557718,0.5074840358332832,3.410381954801707,6.487195949020664e-4,0.005349156431106753,Up
IRX5,73.00388969874824,1.957541104702031,0.5740298473736669,3.4101730313472047,6.492167666791249e-4,0.005350476499220016,Up
CACNA1I,771.414249810694,-1.4877906087385606,0.4364931478299028,-3.4085085095501624,6.531904791201717e-4,0.005374853538141257,Down
LOC114117916,98.21949890339879,1.0666483944814114,0.31299429606085083,3.4078844499902283,6.54686117326608e-4,0.005381580911613283,Up
IZUMO4,165.53850998738508,1.4113346825306072,0.4142351831806661,3.4070854911304393,6.566055726731017e-4,0.005388986688231718,Up
LUC7L,928.8302109794664,1.0610518773162136,0.3114154504686646,3.407190862622211,6.563521241402857e-4,0.005388986688231718,Up
REX1BD,732.8728769179395,1.101093968409657,0.3235066170061691,3.403621164226943,6.649891267602476e-4,0.005443719653979067,Up
LOC101114909,55.395867784989015,1.601549024013525,0.47070361525609383,3.4024574532791227,6.678275260041719e-4,0.005464120204468985,Up
CRYBA1,247.0650038338201,1.010334344672916,0.29721324896828144,3.3993583670314065,6.75441522191932e-4,0.0055150634165393704,Up
LOC101108374,27.377202006660553,1.9982970089427583,0.5879515568389815,3.398744310987545,6.769597139763365e-4,0.005521778797505852,Up
MKRN2OS,76.46485030181474,1.3373781049084241,0.3935541314843472,3.398206238781705,6.782926505259488e-4,0.005524135065058175,Up
LOC105612706,7.436175768343448,4.341361528042994,1.2791147584919345,3.394035991861608,6.887064051441904e-4,0.00558833939867142,Up
DCPS,96.32466950322383,1.0460858258127443,0.3082232783358862,3.3939221964694464,6.889926417942397e-4,0.00558833939867142,Up
RPS6KB2,262.9412594347193,1.2984574381885523,0.38260407221511034,3.3937365869397347,6.894597542979231e-4,0.005589272053100578,Up
DUSP8,133.48903373822614,1.1779480136189382,0.3471801959470121,3.3929009412700513,6.915664222276042e-4,0.005597773493125325,Up
SPHK2,2019.7071372834632,1.0786114918191656,0.3179834752304322,3.3920363032623984,6.937524765274236e-4,0.005612606044811313,Up
FAM98C,166.30203829956184,1.0521884159235384,0.31025814215581554,3.3913321617039665,6.955374924067484e-4,0.005623615817478808,Up
MYO7A,351.7772667697683,-1.0703284658029575,0.3156175151328422,-3.3912201144871834,6.958219281502161e-4,0.005623615817478808,Down
ZNF653,173.94162173326924,1.0947661205264105,0.3229151586670631,3.3902593023053247,6.982654249196842e-4,0.0056404921576336635,Up
SLC2A4RG,1688.6909540797599,1.0440430183352432,0.3082239533935389,3.3872870905727885,7.058748092323617e-4,0.005690376255431832,Up
CRELD2,520.4876530833452,1.0788581774684256,0.31865358976421937,3.385677149492346,7.10028644484227e-4,0.005718054121713919,Up
LOC114109549,8.114998115399494,-3.751379263320292,1.1087746444106266,-3.383355925598706,7.16057666215678e-4,0.00576076195430383,Down
SPON2,113.418298286773,1.3700268851268127,0.40507119890552395,3.3821878445777838,7.191095345020445e-4,0.005779725271642094,Up
SNX21,391.5824776672765,1.0597545010207066,0.3135089214976476,3.380300936758696,7.240650345177017e-4,0.005813396202781729,Up
SLC16A5,300.30151655221096,1.0243903979973257,0.30317614855772146,3.3788621000384955,7.278650842704561e-4,0.0058380002438731425,Up
SMIM11A,228.6851275053254,1.2257968417154799,0.3628993784517086,3.3777871071184484,7.30716284217482e-4,0.005851997769618613,Up
CSRNP3,345.28771444758996,-1.198816849399209,0.35538055885178754,-3.3733326698357153,7.426416890103666e-4,0.005935524435881948,Down
ATP6V1F,706.8323901923623,1.1220894388311882,0.33266694252897466,3.373011548129572,7.43508342413074e-4,0.005939460452502629,Up
CDC25A,67.73771606002991,-1.1406194732529653,0.33822946109291346,-3.3723244260488325,7.45365925363322e-4,0.0059513044936076506,Down
SRARP,49.09685187274895,1.9074541818490771,0.5657479231045246,3.3715619694756986,7.474322138321196e-4,0.005964802177052405,Up
LOC105603609,220.65648811705444,1.1708049552009914,0.3474044007538344,3.37015004030017,7.512726527557635e-4,0.005989427833848435,Up
ACOT12,1286.9737930929052,-1.2575807432027295,0.3732591073079557,-3.369189709188176,7.538952093627834e-4,0.006007318603521818,Down
RFX2,48.7582874652314,1.5206077255853254,0.4514353934948762,3.368383931559377,7.561022541413601e-4,0.0060218821274389414,Up
LOC114113946,109.15826811142202,1.4368856743777396,0.42660134544210865,3.368216461878764,7.565617101291746e-4,0.006022519571153655,Up
ICMT,341.42052850940945,-1.143534702155113,0.33977623718674144,-3.365552316498887,7.639057939089261e-4,0.006067439105863116,Down
TMEM18,225.85359991632234,1.1787124816455743,0.35038749270644043,3.3640255607899685,7.681442863954843e-4,0.00608608169826104,Up
NYAP1,63.84588692420056,1.299787438405132,0.3863883427564562,3.363940612526188,7.683807549496079e-4,0.00608608169826104,Up
CENPV,80.23459291181835,1.4653923847970411,0.4356409113524352,3.36376209536375,7.68877909387983e-4,0.006086982072676037,Up
COMMD9,1067.33359397689,1.0054679678476133,0.2992777650429772,3.359648077107315,7.804181588294344e-4,0.006162973848308264,Up
ZNF500,77.27300846412378,1.29423792205223,0.38522230992871914,3.3597169444617925,7.802236625765938e-4,0.006162973848308264,Up
ZNF213,106.91879539415257,1.055794750945514,0.31436315746260385,3.3585193617070397,7.836123149482268e-4,0.006182046856447915,Up
HSF4,65.26454212687487,1.5527335911604303,0.46267784982937793,3.355971312940598,7.908677181031499e-4,0.006236186432911722,Up
CEBPD,2441.790096242934,1.0418711990082032,0.31069145359394895,3.35339510294304,7.982666553513749e-4,0.006285162014083519,Up
MAF,2376.8304869357553,-1.1134853631369732,0.33226634418443357,-3.3511831174778948,8.046707359904116e-4,0.006326170674777515,Down
LOC101122788,2568.913202792843,-1.1998396210719025,0.3581425290539943,-3.3501735307481795,8.076094815604791e-4,0.006346131337034398,Down
COL21A1,158.2089425972208,-1.3345063182459855,0.398548653436962,-3.3484150723822803,8.127518645068989e-4,0.006377068880532875,Down
MBOAT7,374.98524483926366,1.0808847994292616,0.3228795541598385,3.347640894270375,8.150254661012396e-4,0.006388592209098753,Up
SNX13,1441.3444527999466,-1.1213613523047046,0.33512080562605495,-3.3461406557848195,8.194481646399254e-4,0.006416921912841408,Down
RBM38,79.37449789643935,1.1116310369614655,0.33227802680189655,3.345484646278514,8.213890669289968e-4,0.006425836953510444,Up
FOXS1,151.01427652383558,1.0593098380593724,0.31666822886085055,3.345172459738142,8.223142145350478e-4,0.006425836953510444,Up
HCST,44.88895000865463,1.2996946246506678,0.38852205090196157,3.3452274372417246,8.221512216327425e-4,0.006425836953510444,Up
TMEM234,118.7735630842745,1.0168615473378961,0.3041168233233109,3.3436543767158065,8.268267659511379e-4,0.006455593337895924,Up
SPSB3,47.79516053097902,1.4728302303328689,0.4406531638169333,3.3423797927041488,8.306332382743629e-4,0.006482124577742853,Up
DCBLD2,1045.4391958175333,-1.0230873897600747,0.30634711998385533,-3.3396344310793324,8.388873846297384e-4,0.00653048526543788,Down
SLC7A10,17.971825061293156,2.7154582877976616,0.8134984051346348,3.3380007516403802,8.438352111632717e-4,0.006565782503330692,Up
GALNT17,15.149678323499652,2.5515050117963334,0.7649725282757113,3.3354204464669617,8.517051918064447e-4,0.006617286593021877,Up
LGALS3,104.27103021621782,1.0648759648654307,0.31941767208937494,3.3338041627436072,8.566695048737776e-4,0.006652600318425378,Up
SLC22A14,17.685436230963823,-2.256190275533392,0.6767929225788111,-3.3336493338856736,8.571464575548044e-4,0.006653049252209002,Down
MPV17L,1102.2091013780473,-1.1047009887739914,0.33149913019824373,-3.3324400824622256,8.608800561477365e-4,0.006668984446673022,Down
LOC114116951,11.583068778191482,3.2002909184836663,0.9619161314367038,3.326995788815558,8.778770014750322e-4,0.006785703438221534,Up
TMUB1,225.33667039153133,1.008538914195236,0.30320875130528424,3.326219674905733,8.803251907982722e-4,0.0067997088825016904,Up
KIAA1147,319.3282393526611,-1.4980861645358932,0.4506282898091712,-3.3244387856126205,8.85966808512077e-4,0.00683663157584453,Down
CMPK2,439.34591882174726,-1.1612735275117292,0.34960223141074187,-3.321699414862625,8.94710226476868e-4,0.006887359565891041,Down
VNN2,50.60652039265387,-1.5020581525407506,0.45245270566148094,-3.3198125102263627,9.007792217039324e-4,0.00692735881109812,Down
CISH,543.4586006372515,1.2308379706621775,0.370808500414535,3.319335908659582,9.023181759553774e-4,0.006933619202316872,Up
CDH2,2231.085403965488,-1.2407061844939602,0.37385086490707026,-3.3187195776646603,9.043119321101632e-4,0.006942688993910159,Down
CMC4,78.296054336085,1.2093512131244217,0.3646389150464805,3.3165719927898145,9.112910530428077e-4,0.006987885451665936,Up
ADAL,120.93319624586272,-1.2801682083368493,0.38630131699769704,-3.3139110637421956,9.200076508871175e-4,0.00704111930690994,Down
ACAD11,7925.504899860497,-1.0312032559244078,0.3111966655238704,-3.313670646786892,9.207989956769662e-4,0.007043779498014692,Down
ADRA1A,77.06348930068735,-1.3946748727260154,0.4213860878254415,-3.309731652326778,9.338545491361048e-4,0.007125442674778765,Down
LOC114110618,9.633824517247003,2.952723985548721,0.8923024222996124,3.3091067689125597,9.359413790952315e-4,0.007129314809028125,Up
MTR,615.1810262089585,-1.0057957942913547,0.30393337873104864,-3.309264018617007,9.354158292874586e-4,0.007129314809028125,Down
NFAM1,63.79011801144535,1.451744261439581,0.43884701560493034,3.3080873512114892,9.393550515810673e-4,0.007137569523095396,Up
CCDC151,268.1839639552397,1.896839202484641,0.573659805112181,3.306557624537958,9.444992160050408e-4,0.0071697924704199004,Up
MAN1C1,3394.6122312251146,-1.0168450165559189,0.30778139584438824,-3.303789736108765,9.538734540684529e-4,0.007230579434779633,Down
LOC105611786,29.93202722956706,-1.7313621308683322,0.5242149358988641,-3.3027714631968457,9.573437537823064e-4,0.007249960593409613,Down
TSNARE1,164.97532362164299,1.2900992723669031,0.39073744535614185,3.301703708460878,9.609952460569881e-4,0.00727067566285156,Up
MPG,461.34377533177275,1.272266862192197,0.3854656097414413,3.3005975890964576,9.647915367236688e-4,0.0072933653561823904,Up
LZTS1,27.918180610306568,1.4157811076482056,0.42962091825978993,3.2954193976003956,9.827489102726546e-4,0.007403499502970028,Up
PRKG1,1096.5037716327997,-1.0012977501073828,0.303894284454042,-3.2948883915544958,9.846077687468181e-4,0.007410468996357631,Down
LOC100527962,92.2852263743602,-1.5112255731375646,0.4592334564049106,-3.2907566991484662,9.991829165969844e-4,0.007495288485417738,Down
PRR5,521.1537595894339,1.0149829680566305,0.30848521859325484,3.290215890035593,0.001001105414083475,0.007506162606399148,Up
OVOL2,21.877205572821175,1.6969666622946518,0.5158192280105791,3.28984762518362,0.001002416501137817,0.007512444344929446,Up
SERTAD1,197.7465692177152,1.1082239450078073,0.3371495586557742,3.287039583935185,0.0010124660089171097,0.007573455683101453,Up
B4GALT6,189.13619360919023,-1.3624115668322025,0.41452262651323074,-3.2867001212748446,0.0010136871868810559,0.007575242002019263,Down
CYBB,229.55261062487884,-1.1025722356912995,0.3354775512310878,-3.286575306291693,0.001014136537156866,0.007575242002019263,Down
LOC105609383,82.99968011356651,1.6863340073201936,0.5132948484489337,3.2853125497283506,0.0010186930058233776,0.007602122276179818,Up
CYP1A1,10.055569130122509,4.3125894961374875,1.3127597117913339,3.285132425531797,0.0010193444991391607,0.007602862925180396,Up
LOC105613494,84.32990121491537,-1.6072154184325989,0.48977520587665735,-3.2815369156056304,0.0010324300906381229,0.007679916474661679,Down
AHSP,7.958796527452632,2.648946176624449,0.8072322881545645,3.281516628479116,0.0010325043631908286,0.007679916474661679,Up
LOC114116727,40.453331957724345,1.5073662304057005,0.45964679336632086,3.2794011666353287,0.0010402764104464877,0.007734101856214098,Up
SPNS2,521.4380758480303,1.1233250895819504,0.342859376368508,3.2763435011752216,0.0010516057514205967,0.007803711123094499,Up
UBALD2,401.6456150126547,1.0424784894085155,0.31836347517395625,3.2744914875643234,0.0010585232824682493,0.007840382670377285,Up
MLPH,31.510973583094028,2.598247473980602,0.7935904870532535,3.2740405994890005,0.0010602137731085255,0.007845581921003089,Up
LAMA1,428.3547327870517,-1.0841217682915718,0.33115019975420623,-3.273806777396641,0.0010610914129680676,0.007848417520056914,Down
LOC105608080,194.1993608395355,1.7885240901390451,0.5464544144495155,3.272961189161148,0.0010642709007458256,0.0078646052176622391,Up
MST1,96.0100927001529,1.1652894066256625,0.35611948090202994,3.272186637119801,0.001067191017888012,0.007878847919505308,Up
PFN3,35.782308130530396,3.400222251897622,1.0392570065058029,3.271781888995748,0.001068719894404122,0.007886467170560962,Up
THBS2,205.8119782974978,-1.205180559460071,0.3683987863960935,-3.2714020891596802,0.0010701563748699945,0.007893397833787836,Down
TMED8,427.0614639394229,-2.017468650422535,0.6168805567340157,-3.270436437652905,0.0010738167133368542,0.007913042103433559,Down
LOC105613565,21.649689814627166,1.9118185388830564,0.5846003034454542,3.270300284853406,0.0010743337362047651,0.007913178373446978,Up
KIAA0895,19.2681035466561,-2.8517795206356027,0.872287232558094,-3.269312462905589,0.0010780917653136761,0.00793628553977845,Down
LOC114113055,38.826608589041385,1.9853165697354527,0.6077521808924732,3.2666547848829617,0.0010882629745961768,0.007993520682908428,Up
LOC105614720,97.47479607574377,1.275246801020049,0.3906298795029894,3.264591030882188,0.0010962223124163773,0.008033396475062399,Up
LOC114110613,14.225703557961879,2.3729536561318665,0.7269777421086695,3.2641352254456706,0.00109798747262998,0.008038909203438964,Up
GAL3ST3,157.9180261742117,1.6388544751646403,0.5021324952329027,3.2637889216958467,0.0010993303314193433,0.008045030129377241,Up
SOX5,255.62108311933738,-1.1598643633790506,0.35545096515850666,-3.263078390747458,0.0011020903067492838,0.008061511262226442,Down
DDR2,115.71848555451632,-1.5858747635186938,0.48612497039418295,-3.262277932838462,0.0011052072676639337,0.00808058726836924,Down
LOC105610222,3.7660166476739514,-5.987288827143005,1.8368205636095112,-3.2595937489819176,0.001115719002713282,0.008138698405362098,Down
RNF125,126.38758233777327,-1.8094312710871643,0.5552296220675927,-3.25888821340099,0.001118497305308186,0.008149542634472349,Down
TMEM139,58.66294508851344,1.1378433235947754,0.3492068048964871,3.258365265625503,0.001120560728292428,0.008155277597517519,Up
GPC6,1158.5271699450323,-1.6368077773132044,0.5025667269935352,-3.256896426679396,0.0011263752450608917,0.008193837884899878,Down
F13A1,64.21770765746777,-1.2324862776311445,0.3786287837271617,-3.255130963628135,0.0011334008799706117,0.008233625706074837,Down
SLC22A11,122.23472226224574,1.0202396708935029,0.3136517132852561,3.25277888715254,0.0011428238784978674,0.008283124850866049,Up
AMIGO2,212.69158188508274,-1.0993795962950992,0.33839718108938205,-3.248784735014433,0.001158991497588662,0.008369732502832043,Down
LAD1,1751.608031944267,1.0536150909342372,0.3247017877646583,3.244870002680399,0.0011750425271635488,0.0084663867606296,Up
AHCYL1,659.5523400915913,-1.2494756806604657,0.3850888118565047,-3.2446429036376596,0.0011759799439198348,0.008469296574337358,Down
STKLD1,23.926679054328687,2.156963837377304,0.6649694926104383,3.2437034500783133,0.0011798651560445267,0.008481883886727704,Up
LMNTD2,33.149510396527525,2.0364130300283088,0.6278028040531701,3.243714454413045,0.0011798195778548902,0.008481883886727704,Up
DPY19L4,653.1903960270438,-1.6619423313505597,0.5125099680196177,-3.242751234229545,0.0011838152483673514,0.008506427993361236,Down
LOC101115905,52.20339932442214,1.7247053883006498,0.5320984182909968,3.241327786389761,0.001189742950391619,0.008537427600165537,Up
INO80D,100.6283649107649,-1.486006794415908,0.45848712193775487,-3.2411091245822417,0.001190655955691514,0.008540118384406417,Down
LOC105605766,30.857020297650706,-1.953730034832767,0.6033758903180573,-3.2379981802105124,0.0012037157733025652,0.008610796301680736,Down
PARD3B,262.502419716535,-1.5763341750434439,0.48710105094963935,-3.2361543297232975,0.001211518630468814,0.008650866070781646,Down
LOC101118600,53.67425690418286,-2.2505683983444973,0.696008415806628,-3.233536186105216,0.0012226784549799617,0.008714672256801496,Down
NLGN2,127.00079664487063,1.085245127066504,0.33570501066541175,3.2327343727024047,0.0012261151248761765,0.00872705326174435,Up
IGFALS,91.25785863317711,1.2204488389102486,0.3777543589941225,3.2308001479057387,0.001234442199513509,0.008772565065976233,Up
LOC101110434,2276.378257880922,3.7139604036164484,1.1497593920285265,3.230206623547461,0.001237007847256747,0.008782697691509776,Up
FTO,432.49527518658317,-1.054513389695322,0.32656977353209393,-3.2290599901208825,0.0012419783897538715,0.008799451762344031,Down
SLC25A47,24.07738464229802,2.5771104856324323,0.7983876925583341,3.227893553036122,0.0012470536977105073,0.008817296386544132,Up
LOC105609117,70.84961315943696,1.3433996309253338,0.4162235048385831,3.227591943531208,0.001248369149547791,0.00882251269402141,Up
LOC101107153,404.7726757327102,1.599050304756647,0.4958984787115647,3.224551744766939,0.0012617005298021708,0.008896922483140763,Up
LGMN,15752.405380629258,-1.4873862091788026,0.4613960770209385,-3.2236646197390706,0.0012656153057484599,0.008916605303215846,Down
TRPT1,122.2742658647849,1.1572763094921386,0.35910396212306,3.222677640898754,0.001269983901248582,0.008943413693220383,Up
MBD3,1237.1930760291223,1.0154255617911803,0.3153326286830632,3.2201728252225097,0.001281133363422537,0.009009937916528989,Up
GCNA,159.20974716710987,1.1244929698722752,0.34934022460528624,3.218904926115569,0.0012868114286848234,0.009037857436953187,Up
SYT13,6.470613424951171,5.600765354941882,1.7400587981856355,3.2187218965139666,0.0012876330108476778,0.00903962794391207,Up
HES2,361.70296527614,1.1729046374050172,0.3644353957891426,3.2184158041653124,0.0012890080783343266,0.009045280825552946,Up
GRIN3B,31.32317446505314,1.7570023927156815,0.5463596923606356,3.215834581654931,0.0013006578012596793,0.009098872313527937,Up
SMCR8,236.7000666513742,-1.0861390188714541,0.33801345014144135,-3.213301182000185,0.001312186105233407,0.009167398788895189,Down
PLPP7,62.09465508098528,1.0150839794354758,0.3159480664021274,3.212819090791691,0.0013143905250289176,0.00917472330861214,Up
FAM110D,172.35718819930955,1.1608974121595996,0.36145715061230055,3.211715165111728,0.001319451235969735,0.00920195495103146,Up
MRPL40,848.5113166503659,1.057571570742118,0.32944919451172194,3.2101203716996465,0.0013267939803084869,0.009232880688047616,Up
LOC114115301,69.05094558470553,-1.6465818450848897,0.5131334220555219,-3.2088766280102616,0.0013325465700954762,0.0092688482502741,Down
ISG15,51.130022874166656,-2.250547141359047,0.7016972462650503,-3.2072908271168474,0.0013399146259061297,0.009316016144112132,Down
U2AF1,894.096080600685,1.0005168416371706,0.31197963218296976,3.206994106110067,0.0013412974385975049,0.009321547391794305,Up
ACSS3,9681.646872166497,-1.2953902024157393,0.40426605737977417,-3.2043011743596086,0.001353907673811347,0.009396841498210542,Down
RPS26_1,2338.0005694086203,1.0081683940070598,0.3147533966595633,3.203042142536409,0.0013598408015777447,0.009425656350848709,Up
SLC17A9,66.81561615424818,1.1589361779857565,0.3619147141458989,3.2022355894559014,0.001363654238098483,0.009443841065155854,Up
C7H15orf61,50.89624461952477,1.3799991221064016,0.43116317189805337,3.2006423833265063,0.001371216025056034,0.009483796063492126,Up
DCP1B,172.20277445097042,1.1331535278367615,0.35429630914990207,3.1983215703139782,0.0013823004514988948,0.009527249269058602,Up
FAM207A,256.27107473885087,1.0436969476280038,0.32647615650834205,3.196855043842491,0.0013893472677712873,0.00957166197106495,Up
LOC101119638,34.46115083806533,1.4634320446440579,0.4582463395873576,3.1935487929087474,0.001405355856445405,0.00967333522342166,Up
ESRRB,121.4532487518001,1.6969506782267252,0.5314921856689675,3.1928045679370483,0.0014089827030756244,0.009681724002562505,Up
FBXO30,185.48501639207674,-1.7172969827855111,0.5379284156702094,-3.1924265994498855,0.0014108279671450378,0.009690208707266631,Down
COMTD1,448.7828540273697,1.2426668886687215,0.38938214675953836,3.191381266476314,0.001415942952088047,0.009716931464977764,Up
UBR1,729.756971760145,-1.3426556154888076,0.4208304194606631,-3.1904908804110623,0.001420313234307422,0.009738501930091452,Down
MGST1,1527.0929528937056,-1.0665270743472617,0.33435677537259756,-3.1897875350626728,0.001423774252339851,0.009753806088644996,Down
LOC101120043,245.41836240241972,1.6026697982999722,0.5024344359952966,3.1898088257528894,0.001423669371210358,0.009753806088644996,Up
LOC101108778,2002.9176415638087,1.3058756911697065,0.41003259014717514,3.184809506729652,0.0014484932318072955,0.009901779960584497,Up
CHRNB4,53.60486139467034,1.4173033300152014,0.4450671936924388,3.184470457722887,0.001450191123741046,0.009904855295671955,Up
UGT1A1,22.183379363172026,-2.3222159669280056,0.7294214814276174,-3.1836407701936396,0.0014543537783262115,0.009916218867427816,Down
PUS1,190.08625358921722,1.0564756189554785,0.3318812605676533,3.1832939803484868,0.0014560969310629184,0.00992384138547089,Up
LOC114114215,9.800379074926495,2.915629230811973,0.9172239277374695,3.1787540017670506,0.0014790956205658397,0.010058990910557659,Up
LOC114115289,116.12618238811268,-1.052669186399468,0.3313905457542162,-3.1765214786187816,0.001490527517375622,0.010132395410408243,Down
LOC101106517,257.21079359508366,-1.25294965919092,0.39448388590148825,-3.1761745003287927,0.0014923115523366416,0.010139173976418728,Down
LOC114116870,8.778634608205458,3.207765305371523,1.0100554239700124,3.175830978426347,0.0014940797537228883,0.010139173976418728,Up
LOC101110230,238.148826104724,1.1800999756159547,0.3717212708938824,3.1746904684204775,0.001499964123372795,0.010174756636878793,Up
AMER1,226.11476228637295,-1.1403036095231294,0.35975907238505556,-3.169631281188776,0.0015263248988462233,0.010340313751338499,Down
EFEMP1,5398.876121436179,-1.0614416682718757,0.3349898126599003,-3.1685789482485203,0.0015318613863601173,0.01036455063328821,Down
USP30,231.4504369024842,-1.00553122411717,0.31734187947099823,-3.168605498251186,0.0015317214755098357,0.01036455063328821,Down
LOC114118469,13.670161569666625,-2.1749865420199193,0.6870943168155108,-3.1654846922622952,0.0015482480815809808,0.010439822344492315,Down
RPL37A,11035.326423642451,1.1778764190314672,0.3721586259107913,3.1649848667321,0.0015509101734601965,0.010453332137296687,Up
LOC101113583,309.9949057879801,1.0551177485807066,0.3338500500721287,3.1604540671859933,0.0015752344001689045,0.010585815255665123,Up
BACH2,64.6264410927569,-1.2549383230689846,0.39709770250911436,-3.1602759601465604,0.0015761977293123838,0.010587806414462745,Down
KLHL24,1752.8645313915627,-1.4115349265331643,0.4466680573907618,-3.160142981297409,0.0015769173268427932,0.010588159360818805,Down
TMEM144,91.32167305365918,-1.3361201711803468,0.4229595300287299,-3.1589787587705844,0.001583230292082393,0.010609853016038215,Down
SH2D6,20.875548336075493,2.971097613768551,0.9420353971273371,3.153912923897212,0.0016109714537709118,0.010775221810701221,Up
CCDC33,36.31146421846214,2.264245855378026,0.7179427992464519,3.1537970124563737,0.0016116114036182111,0.010775221810701221,Up
FADS3,70.89531711650854,1.2955014947701269,0.41079009008963585,3.1536824427469607,0.0016122441756703458,0.010775221810701221,Up
HPSE,204.42032149001838,-2.884030321677969,0.9146047272634503,-3.1533079107377375,0.0016143143235744055,0.010779979494361186,Down
NUDT8,2169.9543423149066,1.0787440318403652,0.34209296154043,3.153365175894958,0.0016139976439506572,0.010779979494361186,Up
FAM111B,18.698937663522035,-1.727545627582046,0.5478825561112177,-3.1531312839085204,0.0016152914404002057,0.010781968474967395,Down
NFATC4,49.63332583640031,1.3322709427971118,0.422912900723137,3.1502253549585917,0.0016314456725872138,0.010866948032302495,Up
HSCB,124.19016442964673,1.1790473836590207,0.3744351474878148,3.1488694145556684,0.0016390341842713867,0.010894635513793853,Up
CEACAM20,51.63065212422788,-2.3372972223208848,0.74229663884734165,-3.1487374453834294,0.0016397744807584718,0.010894993860644296,Down
ASGR1,206.0274039932348,-1.682205294871064,0.5348019129562351,-3.1454735933390823,0.0016581816350667025,0.01099887885224144,Down
ANGPTL3,164.91596630067625,-3.1637265015444167,1.0058481866595383,-3.1453320128271818,0.0016589843928918996,0.010999607046104061,Down
NFASC,64.18972765327999,-1.1590918135109773,0.3687956820701493,-3.142910478248236,0.0016727699072505598,0.011081751560011743,Down
LOC101105609,75.53940761347117,-1.2973915078395293,0.41334803849812135,-3.1387387552473553,0.0016967664521639807,0.011226666900874892,Down
LOC106991011,27.259310117693914,-1.8345277740299883,0.5846356900547032,-3.1378990459141063,0.0017016347382718012,0.011249499458803956,Down
LRP6,1230.6870264089323,-1.058165019594095,0.337285874972166,-3.1372942008953637,0.0017051493348754416,0.01126804137904991,Down
IKBKE,138.0968472348733,1.0058705972027124,0.3207052738877495,3.1364329778835462,0.0017101651995143578,0.011296484482684728,Up
PTGES,137.5870071843002,1.046739715630385,0.33396600161651496,3.1342702866872383,0.0017228208537265698,0.011351737406061371,Up
DNAJC4,210.00284022910904,1.00541026480989,0.3213127293009454,3.1290707560739386,0.0017536007597448644,0.011525840521503202,Up
LOC114112677,90.83416725639411,4.642368232758748,1.483699802096946,3.1289134272294064,0.0017545399389864399,0.011526853402599803,Up
SEPT1,75.45815370099132,1.19926412593543,0.38349659723286955,3.1271832255846697,0.0017648989815434038,0.011561800055319212,Up
PRR3,140.99804055706028,1.0505077792734403,0.3360710420252876,3.1258503349253015,0.0017729175587394047,0.011604750684482709,Up
KLF12,560.7617133594044,-1.0329834274757412,0.33062021796126606,-3.1243806983297095,0.0017817976015273892,0.011648465127283463,Down
LOC114115327,246.7541480086978,-2.864229886687203,0.9173863925783974,-3.1221630382341146,0.0017952748742910904,0.011726912789968097,Down
CHCHD6,412.18750860079433,1.3199854946332468,0.42283669185906814,3.1217382976622075,0.0017978667952662632,0.0117390126043856,Up
DCSTAMP,21.786475332139915,-1.7179913399990887,0.5506190890229762,-3.1201085727839715,0.0018078439161842803,0.011799303651970839,Down
EXD3,259.43933263316364,1.0254618589078375,0.32892560266968535,3.1176103367594337,0.0018232368558217622,0.011885108259736687,Up
LOC101117691,18176.311877369113,2.3926244936740066,0.7676195626919359,3.11694048713845,0.0018273845769357783,0.011900281832612845,Up
GMIP,148.27675963660087,1.0546536806951243,0.33864917906329456,3.1142956956585635,0.0018438460164208455,0.011989908979372422,Up
NTMT1,183.49248125312675,1.2484554139066961,0.4009969072674403,3.1133791589919997,0.0018495823443009346,0.012022285237956074,Up
RSAD2,18.305759297260202,-3.38400436082486,1.0870876457544252,-3.1129084890633663,0.001852534493812272,0.012030467706545879,Down
SPATA9,45.295663503467615,-1.2679489031048647,0.40762844036358153,-3.110550632762341,0.0018673887786778874,0.012113225207991053,Down
EPSTI1,173.4203711981137,-1.369914249459554,0.44060461104580945,-3.109169116973051,0.0018761429620839409,0.012140243472139581,Down
ARL8B,537.5888440059001,-1.18391379871434,0.3807538003580605,-3.109394568356215,0.0018747117861795475,0.012140243472139581,Down
HES1,290.3640959951863,1.2267566782483497,0.3946974358988944,3.1080938629725363,0.0018829825424973802,0.01217457511081911,Up
PHF19,117.2329866356575,1.0505378596228796,0.33808268537346875,3.1073400238240096,0.0018877912847625807,0.012197112229526956,Up
LOC105609438,139.51099639143888,-1.0914661987789633,0.35145989611460604,-3.1055213150778713,0.0018994393039132268,0.012245866116827285,Down
ALDOC,19.714556035532887,2.3896871413728857,0.7703868977988945,3.101931183150393,0.0019226264759985867,0.012370429693362613,Up
HIVEP2,597.1199028272076,-1.0756905977859994,0.3469353538494063,-3.1005505372995876,0.0019316124828378043,0.012418179400601243,Down
TONSL,47.548167855589476,1.0822052047806827,0.34903414189553006,3.1005711902665363,0.0019314777782585937,0.012418179400601243,Up
LGALS4,57.906815248456574,1.6421689495409202,0.5304510508445631,3.095797334978079,0.001962844686008932,0.012598557905790448,Up
CTXN1,20.14575706037907,1.7497770397165928,0.5654834563200604,3.094302795529051,0.0019727603464507457,0.012651969688570783,Up
LOC114110574,10.722177104050381,-2.87476262856883,0.9290436314910794,-3.0943246701502556,0.0019726148862807182,0.012651969688570783,Down
SBK1,35.25664073386499,1.3353268679284922,0.43163430033573635,3.093653277531096,0.001977083950387063,0.012674577360457937,Up
MFSD13A,104.904768846144,1.1394034405548223,0.3685345152951117,3.091714325976825,0.00199004263396775,0.012726303988811288,Up
MVK,176.04609732691694,1.0402042432601417,0.33658175496344195,3.0904950370025976,0.0019982314412898207,0.012764909149012455,Up
NRSN2,42.89276811743709,1.4907410627320357,0.48270623445874417,3.088298754631987,0.002013059854520052,0.012830091318848274,Up
LOC114118092,14.748676359659754,-2.549036615084849,0.8261333338295805,-3.085502679414554,0.0020320839319885476,0.01292278375498967,Down
LOC101117789,105.28799964876957,1.1217316205971641,0.36376563485370605,3.0836657262808393,0.0020446719267717033,0.012982030997458899,Up
TNFSF8,23.99631958501126,-1.663429901835285,0.5395103545852329,-3.083221457564246,0.002047727068922108,0.012996230213914682,Down
ARSJ,48.22318557735613,-1.916527454285005,0.621814654101397,-3.0821522806577084,0.002055096748812151,0.013032581180141938,Down
MISP3,412.74607282759393,1.1132428229816862,0.3616643835065474,3.078110186544074,0.002083178737495721,0.013184328588624233,Up
LOC114117225,33.13796143997997,-1.23781282583868,0.40241737073814193,-3.075942829128369,0.0020983807552111353,0.01324884555587365,Down
SLC2A13,105.62649172311741,-2.24375801010668,0.7295300612743392,-3.075621045947436,0.002100646422643869,0.013252607578150291,Down
LOC101117554,12.968120705819246,2.7807609184051456,0.9047239654418731,3.073601479150609,0.0021149174466233616,0.013300350487421798,Up
SMCO3,872.5466423974399,-1.2626045872018397,0.41086257587635816,-3.0730581496957714,0.002118771966847893,0.0133140409460715,Down
SFTA2,130.43232851095323,1.2587373033355223,0.40968123735904133,3.0724797441293976,0.002122882404711622,0.01332931661787483,Up
LOC105608665,37.817622374675935,-1.8770187887111534,0.6112789143611707,-3.0706421317881865,0.0021359899613115577,0.013395720527814443,Down
KLHL14,154.94017094576253,1.4993718808690193,0.4884370166639031,3.069734335677403,0.0021424925531851042,0.013420593645109377,Up
ACAP2,343.32293085190236,-1.606947610287748,0.5238779921583965,-3.067408126207144,0.0021592382485193214,0.013510260507341228,Down
LOC105611015,11.14597594126452,2.3636135632915742,0.770630430806162,3.0671168290343545,0.0021613436434860804,0.013517339500809517,Up
LOC114113265,30.480971912077862,1.8216812185097273,0.5939644258292954,3.0669870774942267,0.00216228204835153,0.013517882218780556,Up
C9H8orf89,23.329364331401994,1.3814259180678836,0.4505771455946494,3.0659032123006287,0.0021701355143236207,0.013560353906712118,Up
LAGE3,94.21774920530116,1.119750455371821,0.3652759468790152,3.065491897123735,0.0021731226582802077,0.013565971083756857,Up
LOC101110467,337.03771092903116,-1.5144745281422245,0.4940655792050743,-3.065330984155858,0.0021742923013723728,0.01356625066811465,Down
CWH43,106.39819196433376,-1.1124394178824129,0.3629239656327552,-3.0652134420026056,0.002175147055691305,0.013566251165024789,Down
BAIAP2L2,470.58375431493954,1.3979181344057434,0.4562592907812618,3.063867766970971,0.002184954637795302,0.0136060356868281,Up
TPH2,11.084701496313492,-2.403529124898567,0.7847837184289788,-3.0626643602011487,0.002193759652864842,0.013637911180464538,Down
SLC22A5,4694.401894121596,-1.0443815893270951,0.3409944265636344,-3.0627526668157983,0.0021931124322448156,0.013637911180464538,Down
CCN3,80.79946397889448,1.6165027882255698,0.527811336080539,3.06265265204328,0.002193845477940114,0.013637911180464538,Up
NSUN5,211.00503602944855,1.0154263118944657,0.33152464515738544,3.0628984201533798,0.002192044553473395,0.013637911180464538,Up
NR4A2,86.87617485384935,-2.005587469500513,0.6549918414973114,-3.0620037417805692,0.0021986070421919726,0.01364040305874392,Down
HIC1,129.5289434975911,1.382953323392469,0.45165901951025783,3.061941118527934,0.0021990670589885773,0.01364040305874392,Up
RIMS4,258.40843315726926,1.1988988247910475,0.3915244201337821,3.062130388652103,0.0021976769913527633,0.01364040305874392,Up
ARHGAP8,156.19546479233878,1.0998632859018445,0.35943925348448896,3.059942049287912,0.002213798224054771,0.013704714499652576,Up
B3GAT1,16.15395605650663,2.0258361945884444,0.6626039729347647,3.057386127064309,0.0022327645730921726,0.013790025712351404,Up
UTP15,297.6587885586828,-1.0241194706555463,0.33502434429136524,-3.056850906825106,0.002236755008133598,0.013798683343997123,Down
DPM3,297.4584937189642,1.0067527340178877,0.3293659379598857,3.056638886989287,0.002238337568176436,0.013803081670421356,Up
HCN2,113.33421637816019,1.0237743481137296,0.3353452461538739,3.052896559159716,0.0022664404941849683,0.013935500741084716,Up
TMEM102,182.28727265874716,1.1503921077699502,0.37694654543146866,3.0518706742707074,0.00227420060772677,0.013954811207570169,Up
LOC114118858,17.67185477998624,-2.7841267615416756,0.91252098387916325,-3.0510276593380254,0.0022805956468721134,0.013987594552859759,Down
LTB4R,40.684659292686774,1.4375089880311138,0.4714314181657524,3.0492430768067615,0.002294187718554454,0.014049244466286592,Up
CD86,98.62380561224,-1.0943517466554975,0.35929005209584436,-3.045872659907566,0.0023200607149400348,0.014180332586924594,Down
SOCS1,123.92047961877296,1.408960391377679,0.4627796642954733,3.044559863110348,0.0023302105078457174,0.014211094163033735,Up
HERC6,119.13192008556342,-1.69240286782158,0.5568732107885831,-3.0391170468139124,0.0023727264939349974,0.014435526116607977,Down
ZNFX1,751.5630554076635,-1.0386664774195955,0.3419117720043776,-3.0378201701879313,0.0023829611287558357,0.014486687857809799,Down
ATP6V0D2,597.580301899031,1.39188543915284,0.45835385215949725,3.0367050098850132,0.002391794003225245,0.014524594333556315,Up
C7H15orf48,62.21402371170883,1.038334173454276,0.34202802832766943,3.0358160368644755,0.0023988567696670675,0.014555448587509696,Up
LOC114116137,9.49149397513737,-2.9388583293875117,0.9691105481945538,-3.032531567077238,0.002425117311954748,0.014671826368355635,Down
LOC101111412,8655.171332558975,-1.123448016993824,0.370513635022416,-3.0321367712307143,0.002428291501158752,0.014683531808721095,Down
ADPRM,54.22504288474616,-1.0543109234486696,0.3478652777054173,-3.030802414092882,0.0024390480011208236,0.014742057247458423,Down
FKTN,200.6210135124388,-1.7616048758589091,0.5821690564451082,-3.0259335434551873,0.0024786677498034957,0.014919665284414806,Down
UROC1,204.81926891552814,1.035355997045382,0.34217317573601114,3.0258245545354088,0.0024795613318393662,0.014919665284414806,Up
LOC114118850,78.08123005385434,-1.3966160855689669,0.46181602189908544,-3.0241828332975222,0.002493057238030065,0.014983830950114057,Down
GPR132,38.77014199173574,1.1974421958032084,0.3965166999610754,3.019903565021995,0.002528551804024181,0.015160513528860163,Up
LOC114108811,7.975496650816483,-4.338132138872128,1.437522523976043,-3.017783767918495,0.0025463052082043652,0.01523464099880433,Down
TPM2,660.5762754695982,1.2331290674572672,0.40902932784246765,3.014769317304775,0.002571747746201403,0.01535214440596272,Up
CLEC4F,10.458954400002305,-3.542816489915741,1.1752193449407762,-3.014600214987337,0.0025731818648777743,0.015354930729776282,Down
SIKE1,137.22494302953822,-1.4087130286512848,0.46736817471923703,-3.0141398256257896,0.002577090029972893,0.015355783372084186,Down
LOC114108620,164.70970184180956,-1.0021078625396407,0.332732139567423,-3.011755533572612,0.0025974168505955597,0.015470468168669163,Down
TFPT,98.59898326215988,1.4782716042972872,0.49105588630409414,3.0103938177453067,0.002609091557989805,0.01552835031869973,Up
GCHFR,302.2859587342925,1.0404087325133509,0.3457368685024629,3.009250176354679,0.002618933642338112,0.015575246798363751,Up
LOC114114832,11562.960196921622,-1.2449226994275029,0.41382329664027534,-3.0083436808287725,0.0026267589694496094,0.015615934502649306,Down
GPAT3,653.9851458407192,-1.098050115115497,0.36506495997886207,-3.007821170180442,0.002631279250462068,0.01563695078344605,Down
TENT5B,36.67204177959953,1.6615548464352683,0.5527125763693008,3.006182449022261,0.0026455021177360597,0.015709710106556106,Up
ENTPD8,408.6054629680782,1.393149039667709,0.46353183200948833,3.0055088851787675,0.002651368496260388,0.015728100198517704,Up
LOC114111235,38.540262163863304,1.311168638129414,0.43640182223686186,3.004498540837355,0.002660190348170621,0.015761553339496925,Up
HELQ,133.944275633769,-1.1520408821056347,0.3834920416700414,-3.004080285704747,0.0026638502007872693,0.01577146372140855,Down
LOC114116976,17.258519831719337,2.3347910074471856,0.7774367886009308,3.003190795291354,0.0026716488021976655,0.01580584473994914,Up
PTRHD1,93.55727267914335,1.2360934675257038,0.41163602660690174,3.00287969863758,0.002674381261317315,0.015810224864390966,Up
LOC101110022,239.06305658674626,1.1563355975462908,0.38515628444738226,3.0022503701462058,0.002679916660874643,0.015837050319457636,Up
LOC114109442,9.192413140029082,-3.3158877211635773,1.1045838509779753,-3.001933912240126,0.0026827040916520316,0.015841726951931808,Down
ZNF366,113.77164987120108,-1.6529614452080483,0.550805078329331,-3.000991657923184,0.0026910193712031192,0.01587901504799521,Down
KCNJ3,120.77010996965116,-1.3479507188446933,0.44955975345546756,-2.9983794333987652,0.002714195241881709,0.0160098183108095,Down
PPP1R3E,96.04417254236914,-1.0066710209794285,0.3358116026451753,-2.997725549236295,0.002720025024036883,0.01603437873700974,Down
REV3L,870.2651446744399,-1.0947723779100325,0.36520584031085723,-2.99768584472302,0.0027203793825217176,0.01603437873700974,Down
THRB,225.07373670260918,-1.543723214172985,0.5150035606351648,-2.9975000799394054,0.0027220378735073433,0.01603819865114405,Down
LOC114115225,29.300715071846803,-2.6526804031855646,0.8850600509166797,-2.997175615867098,0.002724936875125378,0.01604894655427418,Down
GLP1R,123.28300998033576,2.1616040664271825,0.7213211856658496,2.9967289321078403,0.0027289324925554082,0.01605498348937435,Up
CDCP1,522.3136096606542,-1.1688314413365324,0.3901785102355495,-2.995632539144487,0.002738762507879657,0.01608896272671125,Down
LOC114111346,26.370773401071535,1.844384705898154,0.6158488680222614,2.994865788779016,0.0027456562312777122,0.016123492918635268,Up
LOC105602775,10.805454859084962,2.284070457336709,0.7627211146606804,2.9946338359242186,0.002747744801201677,0.016123827441580117,Up
LRFN4,46.76094307101447,1.3355509618737613,0.4461169216516822,2.9937240598923722,0.002755950702667486,0.016166003511988547,Up
PDE4C,47.13734103651197,1.2848337122196012,0.42938770148037525,2.9922461863485004,0.002769328399928876,0.016214514825551845,Up
LOC105611452,44.44680136917987,-2.7802137562753053,0.929378615901007,-2.99147592671902,0.002776324271449332,0.016237507428413872,Down
SAMD5,60.40701790076035,-1.4976063545072842,0.5008522109391454,-2.990116289392294,0.002788712563671614,0.0162882369958437,Down
CBLC,17.716842111363633,2.2153324117310476,0.7409234664694189,2.9899611930060037,0.002790128922805961,0.0162882369958437,Up
PAGE4,12.49257996508316,3.3415662821305494,1.117589803938663,2.989975633594762,0.0027899970218541984,0.0162882369958437,Up
LOC101121825,854.3213087022165,-3.0685735467585884,1.0265813857404522,-2.989118631393544,0.0027978347839657876,0.016324884543312015,Down
G6PC,30350.748582831075,-1.3616452484868433,0.45581758873452566,-2.987259118866262,0.002814910256229762,0.01640274247325074,Down
SEC23A,493.5072307850462,-1.2999763014681651,0.43574923896368983,-2.9833128442399635,0.0028514636803753956,0.016573153789307453,Down
VWA5B2,15.336231765916434,2.065560254428813,0.6924778415101691,2.982853934970972,0.0028557424606288845,0.01658587635476117,Up
FXYD1,81.371996927208,1.1419726668514958,0.3829326070785329,2.9821766173526636,0.002862068348694896,0.016616536539441874,Up
LOC105604711,44.57493821483649,1.9723592923414994,0.6615837827842335,2.981269105540874,0.002870564216363872,0.016647594375719305,Up
SLC16A6,2923.732028699813,-1.279981834720924,0.4294849448003041,-2.9802717189913888,0.0028799280169753095,0.01668970332729065,Down
LOC101110257,299.3553000938003,-2.592480520456444,0.8700835782985482,-2.9795764281933117,0.002886472125849694,0.016715367403681482,Down
VAMP8,865.6874505112517,1.014594078607682,0.3405851279374556,2.9789735234534374,0.002892157678207893,0.016723941284587936,Up
PIK3CG,52.30983508338204,-1.5152385205499357,0.5088432638461791,-2.9778099234266078,0.0029031596489149554,0.016769233299573177,Down
LOC105610709,38.90740447459879,-1.6103582974116326,0.5410567502659246,-2.976320499873915,0.0029172980585819236,0.01683252347650704,Down
LOC105610545,14.488485390612672,1.90085752557701,0.6387317966970061,2.9759870033191973,0.0029204723855833364,0.01684471590710912,Up
LOC105608537,27.77575532429174,-1.4130932779443894,0.47513202686077166,-2.9741065599824728,0.002938430121151984,0.016935984500016498,Down
LOC114114853,12.722869892057979,-2.2920497355377507,0.7710265478965019,-2.9727247937063535,0.002951689786510061,0.016987851924846458,Down
LRRC10B,34.16630394451592,1.8441181555788912,0.6204417155886097,2.972266546954191,0.0029560992422200194,0.017006945730974398,Up
LOC114115577,62.666653416451695,1.8487291409477453,0.62212657178180375,2.9716286440762145,0.002962247437373634,0.017029434977061934,Up
TAF6L,140.65111078769613,1.0842455947412186,0.3649083450166772,2.9712819932678327,0.0029655933961710073,0.01703686716519088,Up
LOC114112944,8.448425798963275,-3.0185276556645304,1.0160656276704536,-2.970799890736533,0.0029702525012920977,0.017045125796460402,Down
UBA52,7168.494711849567,1.1114415993654716,0.3741192041352133,2.9708220991611456,0.0029700377293680694,0.017045125796460402,Up
TMC4,222.32090161814156,1.1433476407825793,0.3850780806681757,2.969131971361957,0.0029864230722595284,0.017119354794501804,Up
LRWD1,145.01656949685244,1.0066497692751286,0.3391099107079443,2.9685058958424184,0.002992513612862723,0.01714188689172501,Up
PSD,38.924803320827316,1.394863572034629,0.4704018139006016,2.9652597647707437,0.0030242744608338533,0.017292618341792416,Up
LOC114113733,82.86568667670609,2.062405567246219,0.6960730540048345,2.962915394268221,0.0030474031787035808,0.017393538531305982,Up
LOC114109077,58.57749399791947,1.4671758184199162,0.49530245593929306,2.9621815939465908,0.0030546756704907915,0.0174162596687142,Up
C11H17orf49,247.26344739023943,1.069197880657221,0.36096336614259034,2.962067569579509,0.0030558071542181463,0.01741645492240741,Up
ARNT,285.07307097297064,-1.2095599590490627,0.40845307094901,-2.961319292418933,0.0030632419289709136,0.017446300372642738,Down
TREX2,15.376810556010728,2.0578244779495733,0.6951931714122823,2.9600757927024954,0.0030756336577194786,0.017491771067352665,Up
SMG1,1777.8524928481281,-1.0445555239537774,0.3529632372908919,-2.959389005980005,0.0030824972067436465,0.017524526562550824,Down
CNOT7,510.9721898582146,-1.3610008804442129,0.4600692157082952,-2.9582524411004045,0.003093886397844523,0.017570396705898432,Down
ASIP,8317.296204362485,1.189458111829916,0.4023512968610042,2.956267622621395,0.003113867745342854,0.01763340089968859,Up
OMP,166.5178121324182,-2.8259607344744375,0.9560424955057014,-2.955894479334454,0.0031176373253655777,0.017648451235922902,Down
INSYN1,72.91654504488902,1.0665106388284686,0.36094200461584663,2.9547977935224363,0.003128740395453685,0.017692374883162217,Up
CEBPA,190.69792569867013,1.18335461574361,0.40093088846563996,2.9515177048899894,0.003162164170882125,0.01779263803063168,Up
FNDC1,19.49239635792155,-2.1883699620674477,0.7415365244723253,-2.9511290271570694,0.0031661462514587717,0.017808731201064878,Down
LRRC3,46.779353940049845,1.2113328053523758,0.41054139882153684,2.950574068363187,0.0031718398369203686,0.017828121009715654,Up
LOC105602037,13.54310029999311,-1.8761872623689664,0.6359197667299182,-2.950352167879384,0.003174119029771618,0.017834616410465447,Down
EFCC1,20.882094360927102,1.9096618971468675,0.647345537922538,2.9499885073362155,0.003177857502019721,0.017849303655187203,Up
KLB,128.27673478919297,-1.5924874665065096,0.5402871319888187,-2.947483610510025,0.003203717345275248,0.01797260265439642,Down
C3H9orf116,364.91056718909635,1.2052163840924692,0.4090708369618138,2.9462290517790555,0.003216740998903355,0.01802748307989626,Up
NYNRIN,1541.781559551156,-1.0504767506942596,0.3565587711335329,-2.9461531611035623,0.0032175303701471748,0.01802748307989626,Down
SH2B2,37.463091943936874,1.589269581538684,0.5395949203976135,2.945301227757282,0.0032264038125781732,0.01805807747427833,Up
CASKIN1,80.55142590653395,1.2231143384473453,0.41550039061478233,2.943714051959378,0.003242994778405791,0.018131756293636888,Up
TCAP,45.02851426949108,1.323793650981151,0.4499348044166093,2.9421899306002723,0.003258999752301338,0.01820841361079871,Up
GREB1L,40.89292252908211,-1.9714169772437105,0.6702862234172589,-2.941156939184899,0.003269888194169436,0.018256396519891475,Down
ENO2,104.00108013527662,1.0958578013361526,0.3726697893622298,2.940559800169351,0.0032761975572218522,0.01828095227349098,Up
MAPK6,455.7879476471162,-1.073325501281354,0.3651257450989767,-2.9396050968424636,0.0032863079832901277,0.018315859065577318,Down
DYNLRB2,94.65530596186576,1.2235487568011885,0.4162593727589343,2.9393902861372316,0.0032885867685550343,0.018322126281949475,Up
LOC105609042,44.2346380552666,-1.5858052980670665,0.5396008899466692,-2.9388485593932168,0.003294339984320802,0.01833513745530529,Down
LCT,13.616927143940835,-2.1966125715522486,0.7487390063400929,-2.9337493478395076,0.0033489453604551595,0.01854176532398719,Down
FOXN2,131.53297717839504,-1.703545662253054,0.5807811789595142,-2.933197086904579,0.0033549084983101754,0.018548402157324072,Down
ZNF280B,118.66211204387398,-1.458193200970502,0.4971338719691772,-2.933200256893603,0.003354874242204135,0.018548402157324072,Down
ANKS1B,213.55404192327723,-1.0117758606232743,0.34504117225026926,-2.9323337096982773,0.003364250346629714,0.018593574426202457,Down
CATSPERG,35.80820404144514,1.5886815400081336,0.5418385449671268,2.9320201649820214,0.0033676487980662593,0.018602571479265313,Up
VSIG2,15.401959424080246,1.7487206468402041,0.5965936074011715,2.931175636389781,0.0033768180374811377,0.01863519318453853,Up
LOC101123326,17.67129646919192,2.075705569851605,0.7084472505432395,2.929936658318524,0.0033903110458007256,0.01869204836054009,Up
LOC114117858,37.565382167131446,-1.5921219461904736,0.5434391435479203,-2.9297152497997794,0.0033927274440349957,0.018696609409900734,Down
TBC1D10C,43.586685472298775,1.6037854000993927,0.547433351677263,2.9296450338394755,0.0033934940912193046,0.018696609409900734,Up
YBX2,12.736773666752022,2.2998085871775853,0.7852033811428044,2.928933627145603,0.003401270425735191,0.018725540309394256,Up
LOC105610254,54.713822312839916,1.059314512241707,0.3619724914530099,2.9265055694963595,0.0034279336801792846,0.018828291820646614,Up
MSANTD1,16.398685799137287,2.2296138242966816,0.7621257098025982,2.9255197608727626,0.0034388133526499953,0.01886770976377925,Up
LOC101118895,8.12832242789723,2.751638026107885,0.9409469098346954,2.924328670776218,0.003452000497421396,0.018913912287045156,Up
METTL27,292.971960026674,1.1217618518367145,0.38366440843217536,2.923810046443286,0.003457756813597915,0.018928145357851842,Up
C1QL3,118.59122168475353,1.0696057318528627,0.36609712388488624,2.9216447277777147,0.0034818846268129646,0.01905134597773257,Up
PLEKHJ1,304.48623961087003,1.054214691959119,0.36086725550106813,2.9213365188684977,0.003485331380320909,0.019063633700838658,Up
SOX15,43.47183107444138,1.0700363603599317,0.36659970528520336,2.918814022306636,0.003513657808851247,0.01917891691880875,Up
SEMA6C,40.372108881513476,1.6126979382020812,0.5540869223883969,2.9105504444149877,0.0036079272092018186,0.019558957852343056,Up
CCDC158,349.4124293358209,1.2243373877966233,0.42059306038611627,2.9109785755205926,0.0036029872199356172,0.019558957852343056,Up
LOC106990837,11.840308299764631,-2.1393032639344733,0.7357943529248997,-2.907474426013739,0.0036436013553194854,0.01969853007935497,Down
CLDN3,47.95388609977628,1.7426404708227432,0.5994967594779588,2.9068388498717375,0.003651012321442505,0.019711741013012544,Up
SCN1B,94.4946366004919,1.1046804606488392,0.38005148020702423,2.906660066281258,0.0036530994485568925,0.019716303144149457,Up
MAPK15,42.813050277927516,1.7065607011818076,0.58726725107488,2.905935411958143,0.0036615702089671915,0.01974859120860898,Up
NECAB2,171.17945213363993,1.5257820739357228,0.5262375715726367,2.8994168344460722,0.0037385750980301617,0.020082476898730026,Up
DMXL1,1716.2791420563503,-1.0943578254900428,0.3775340982600123,-2.89869929771574,0.003747140783065649,0.02011442869448801,Down
IFT43,80.09073299664162,1.1379068722360104,0.3926963246582884,2.8976763997630486,0.003759382598362387,0.0201596891837183,Up
TRPV6,23.982700569095265,1.5563006049055228,0.5372591302253196,2.896741101920093,0.0037706078367550503,0.02020052382861848,Up
GYS2,7.95248061692508,2.9419198680667957,1.0161213843862282,2.895244518295238,0.0037886328850885664,0.02024972742411002,Up
ARL2,278.1714115521368,1.1218211620922687,0.3874735628480993,2.8952198798968243,0.0037889302872555135,0.02024972742411002,Up
HMX3,30.88680094987838,1.502650800649103,0.5189777364319093,2.895405130440029,0.0037866947074771925,0.02024972742411002,Up
LOC105603282,59.81480434371042,1.1918425447008127,0.41187614723627836,2.893691593208713,0.00380741926829544,0.02033484725627642,Up
EPHB3,102.32785393645122,1.1713190351054346,0.4057244440793186,2.8869816748740016,0.003889568835271826,0.020710877598882824,Up
HSD17B13,11.765730220793438,-2.6260661467412216,0.9100147945811896,-2.8857400587094846,0.003904945310517549,0.020785780319867556,Down
ZBTB6,51.3049232044103,-1.4190418540448682,0.49178598917369926,-2.885486543504722,0.0039080916836588915,0.02079523241525281,Down
FAM229A,11.872192780172819,2.356109306500351,0.8169139715280683,2.8841584164525425,0.00392461270866099,0.020855499673443554,Up
TLR8,46.60253335642767,-1.2240039464083776,0.42443476410617403,-2.883844703404616,0.003928524341475722,0.02085556601847565,Down
LOC101109545,151.92141194494462,1.9109756490234648,0.6629156165385753,2.8826831067906578,0.003943038932403812,0.02092007744498431,Up
YJEFN3,20.160696039405007,1.4760315131372153,0.5121756085576316,2.881885604224606,0.003953032207139151,0.020950410759238643,Up
TLR7,57.617274516661396,-1.4952487640107865,0.5188430008902651,-2.8818905939660744,0.003952969610692297,0.020950410759238643,Down
PCBP3,19.557933678482787,1.9168692665343292,0.6652042107503878,2.8816252746987163,0.003956299297194365,0.020960727217745712,Up
RUNX1T1,105.31934082494857,-1.3738286122099024,0.4769432419100296,-2.8804865893645704,0.003970618436570293,0.02102255718601743,Down
LOC105610483,122.71585355772481,-1.2434676156682425,0.43184979109000776,-2.8793984420593923,0.003984346008628628,0.02106748734799493,Down
NHLRC3,317.90479540879784,-1.5768128258627023,0.5476198542364165,-2.879393092972057,0.003984413596590486,0.02106748734799493,Down
SLC2A11,2167.6441473437117,1.0002804670716676,0.34754947098148165,2.8780952082788964,0.004000843717244249,0.021131466905022253,Up
ANKRD9,1463.3614408311169,1.0179290463796142,0.35368771819248856,2.8780446535766435,0.004001484939818527,0.021131466905022253,Up
HABP2,1708.6582203854775,-1.2057158978361815,0.41895512222868686,-2.877911818865508,0.004003170225124546,0.021131466905022253,Down
FCER1G,121.17742670271748,1.1590418280751564,0.40290595368456045,2.8767056368260646,0.004018502677335095,0.021195925682343766,Up
LOC101115671,990.3744796330933,-2.21559918577035,0.7707321609872904,-2.8746681375436802,0.00404452359814906,0.021307242971596425,Down
TMEM40,18.35481421768058,1.4771320293707457,0.5141595086630646,2.872906178885295,0.004067148804595788,0.02137677250839369,Up
S100A2,385.57359198272377,1.4453980663513475,0.5031582310632055,2.8726511405708877,0.004070433236956201,0.021379876495766306,Up
GIMAP1,59.745739890901326,1.3144107730373253,0.4575504659454165,2.8727121287515596,0.004069647600527648,0.021379876495766306,Up
NOL3,60.50443885171492,1.2490244891372893,0.43509523948013795,2.870692151515271,0.004095741845992002,0.02149147448642349,Up
CHD9,1467.9150522236387,-1.0518501613207887,0.3664576844056357,-2.870318200658838,0.004100589200507632,0.021509799200151235,Down
NOS1,27.308779529105045,1.7325601781893216,0.6036702316873425,2.870044085736304,0.00410414573358751,0.021514270114494888,Up
PCYOX1L,40.4735054936454,1.1653878234491668,0.40617427950224394,2.869181733706328,0.004115352674609427,0.021551630816257154,Up
ZBTB37,45.340297823688324,-1.073422050647553,0.3741355263791758,-2.8690727689935276,0.004116770730940088,0.021551946507985493,Down
LSMEM2,15.88831505855005,2.3058191783769715,0.8044980739440735,2.866158730589162,0.004154858618689793,0.021715532056128774,Up
PFDN2,217.33827179773982,1.2949791472851526,0.4518372931964787,2.8660298005150247,0.0041565511592315365,0.021717227304306183,Up
LOC114108670,290.3305978253692,-1.5323123967069725,0.5348707899795518,-2.864827216991141,0.004172368332580337,0.021764049471918397,Down
ASB11,43.39725914344355,1.3506830046964076,0.47153864499454173,2.864416350672684,0.0041777848204896115,0.02177798964060151,Up
KCNK13,17.592635977402303,1.5344711662943604,0.5358350607481257,2.8637005651551664,0.004187236325049235,0.021820092641991633,Up
ZFR2,38.23462779405011,1.6772267517756752,0.5863836526301247,2.8602890688591986,0.004232550107687023,0.022034525372028903,Up
NXPH4,62.05359561496274,1.1700525595171143,0.4091435301199258,2.859760630148924,0.00423960883304058,0.022056804656457922,Up
NF1,738.6031220825666,-1.246687607603353,0.4362404609962497,-2.857799124721883,0.004265903499853159,0.022128328840904963,Down
LOC114117598,31.288242973387998,-1.2431904653066093,0.4352991183640065,-2.8559452864938417,0.004290890701507981,0.022243405651546762,Down
LOC114114852,15.788992532546416,-2.321869351778229,0.8130648567842965,-2.8557000495155007,0.004294206081056401,0.022253324559127735,Down
SLC3A2,5289.938595220141,-1.1515867845172643,0.40381675409683376,-2.851755834383033,0.004347848328469631,0.02243608469369261,Down
ROMO1,634.371122132819,1.082728688034965,0.3797124526193763,2.85144371896671,0.0043521189999774215,0.022443529852710076,Up
EBF4,74.14495493614884,1.0363636114160473,0.3637017733613855,2.849487374883608,0.0043789743649359425,0.022545397370946553,Up
ZNF513,140.08745185668104,1.1670021748286068,0.40961519579626654,2.849020707251905,0.004385402610899515,0.02255630705897457,Up
COL2A1,41.55544203507597,1.4742162073767546,0.5180874353289817,2.845496931305887,0.0044342186699621484,0.02273396413059082,Up
DEPTOR,155.13837986306032,-1.0777166832410314,0.3789581836629928,-2.843893415426131,0.004456595320193035,0.022826569060156197,Down
MGARP,37.25323645451116,1.3026967462179975,0.45812971231695593,2.8435107158400803,0.0044619508963065395,0.022839260424725477,Up
LOC114108712,156.07475201289495,-1.6920832816196871,0.5951343860951621,-2.84319528690302,0.004466369456738974,0.02285450753927071,Down
UBE2QL1,72.88845976132765,1.5636009690286001,0.5502332270874732,2.8417058295536686,0.004487287536624627,0.02294675098867355,Up
RCN3,254.055206364297,1.1874286566107881,0.41799028120786835,2.8408044636336287,0.004499989477218952,0.022991885033096335,Up
LOC114108630,73.84474826459783,-1.032923765522659,0.3635876396101675,-2.8409210132394556,0.004498345242457287,0.022991885033096335,Down
LRRC31,41.33287898782561,1.6251050344906572,0.5721819265055507,2.840189385945053,0.004508675767488311,0.023011643233872014,Up
TSPAN13,299.54292620641917,1.0212622972306855,0.359666805810374,2.839467753855279,0.0045188862111563855,0.023048933428562117,Up
TOMM20L,25.6037907655412,-1.646884167403092,0.580262186178084,-2.838172478979457,0.0045372657407838106,0.023127816025517476,Down
DERL3,53.95149411508328,1.6235933462434466,0.5722758524510748,2.837081696334988,0.004552796087968919,0.023182824020338888,Up
CSMD3,222.80158261095684,-1.5786791695706015,0.5568720258272061,-2.8349047830613343,0.004583934570450606,0.02329090699000079,Down
EHF,336.55134416757903,1.3548449290939057,0.4779081006366364,2.8349486591440365,0.00458330506876678,0.02329090699000079,Up
CLNK,11.372128757024806,-2.58439758318298,0.9120392347263916,-2.833647374784584,0.004602008248407086,0.023352837892252454,Down
PDE4B,112.50264778510594,-1.38555018208352,0.48915764404517936,-2.8325228051747433,0.004618227179184131,0.023413373063875968,Down
SCUBE3,1042.9312114222805,-1.04609096450073,0.3693999394994529,-2.831865554494167,0.004627730224784002,0.023453372240739612,Down
LOC105604782,49.60488126310877,1.226220479346943,0.43326707589209507,2.8301723061281776,0.004652294163621311,0.023540282199286285,Up
IL12RB2,17.578080013648766,-1.4430407745076883,0.510142769286942,-2.8286998491122697,0.00467375098795304,0.023615584503921306,Down
CCNA2,35.687946972736754,1.6022683704266913,0.5664297261152753,2.828715190171023,0.004673526975056681,0.023615584503921306,Up
CDH24,57.463529023543046,1.314305540564963,0.4647740569636546,2.8278375715530566,0.004686357759936039,0.0236673740768262,Up
COMP,11.765745161553475,1.8151130879433452,0.642318239078804,2.825878166789305,0.004715119414855861,0.023774806376114063,Up
LOC105602892,47.938495435964214,1.4461015844522216,0.5117825334664575,2.825617307916586,0.004718960531331149,0.023779066829783913,Up
ECM1,647.090605794831,1.0927586911589076,0.38692354898604403,2.8242237879357464,0.004739527973463515,0.023852418364865687,Up
FLYWCH2,189.0132201035609,1.1980208179678362,0.42426752786970423,2.8237391251299284,0.0047467002741908015,0.02387082328478767,Up
ZNF628,119.39235258292486,1.003385462212351,0.3553982024901705,2.8232710666005754,0.004753636179231721,0.023885554628979143,Up
DNAI1,8.790515252446895,2.645418860487211,0.9370705480715701,2.8230733170851545,0.004756569277232222,0.023892729157438942,Up
LOC101117343,43.34732734349268,-2.2390557921306984,0.7933364374222561,-2.822328190806334,0.004767636000935693,0.023925604250032328,Down
LOC101117184,25763.393026988142,1.4683539718710825,0.520429335821754,2.821428137890349,0.00478103478889819,0.02398526081042382,Up
LOC101103023,34.169188941433944,-1.4201174941641626,0.5034120573777302,-2.820984267960415,0.004787655071470567,0.024010884344218743,Down
LOC114111287,30.15681599113531,1.7745124628703683,0.6293812495314791,2.819455559235904,0.004810519167725257,0.024084567092156752,Up
APOLD1,241.89115914122578,-1.4647855321710392,0.519482191944555,-2.8197030714141933,0.004806810566811128,0.024084567092156752,Down
C15H11orf49,321.94791594982473,1.0328624490457154,0.36634208314968575,2.81939339364321,0.004811451033152464,0.024084567092156752,Up
MIF,5809.370580911347,1.146494067586008,0.40670376974033423,2.81899051075431,0.0048174942289896,0.0240996173642458,Up
IDO2,1467.5286838814895,-1.365123710811724,0.48469675138808177,-2.816449062021279,0.004855774233422895,0.02425289628921385,Down
SLC29A2,89.25888664326916,1.0506602662933964,0.37319956790652736,2.81527728498482,0.004873516381353469,0.024326202994095478,Up
TRIM31,8.937841485032967,-2.6360544831808705,0.936918665203642,-2.813536095588315,0.0048999884650509536,0.02441946438458462,Down
IMPACT,152.02930405240735,-1.1275876282400132,0.4007858858220738,-2.813441461211032,0.00490143095377601,0.02441946438458462,Down
NLGN1,39.827367625402346,-2.5197326560837467,0.8959138031106361,-2.8124721902209444,0.0049162274453759605,0.02447014055831064,Down
MUC4,253.95454330330858,1.127670484843199,0.4011285248392594,2.8112448131059247,0.004935022047525002,0.024532917306722316,Up
LOC114116878,30.028862541538135,1.096062046315749,0.3901683038685047,2.809203196283074,0.004966428950229931,0.024658156624022428,Up
LOC114112166,18.379487455602924,-2.9474118080132694,1.04940062419698,-2.8086621448969322,0.004974782375071227,0.024691907642121824,Down
ATF5,71.78751161444426,1.1341578004298285,0.40406295363472916,2.8068839031828228,0.005002326664423482,0.02480535181018242,Up
VWA7,14.624678240612358,2.235476686234632,0.7969005891390755,2.805213996202098,0.005028318365447958,0.024910891827326913,Up
SLC26A10,86.70053610746906,1.0002390624683906,0.3569270084891918,2.802363056531428,0.005072974864339667,0.02506952989466486,Up
SHISA4,854.8213820984956,1.0999203794596302,0.3925563869084335,2.8019423862187582,0.005079594419573843,0.025084764281133504,Up
LOC105609538,13.435090911980453,2.096043625096523,0.7482122097754992,2.8014025936912206,0.005088099887290649,0.025105194128369437,Up
LOC101106409,850.2064510684719,-1.158495017980861,0.41356564245780114,-2.8012361256510085,0.005090725506921787,0.025110343682837016,Down
LOC114118016,24.495982734771772,1.5507810611248278,0.5538829649628378,2.79983527066747,0.005112869076465286,0.02518170597674452,Up
ALDH3B1,76.93891859486172,1.0691641631947348,0.38185516973280853,2.799920618968835,0.005111517473940923,0.02518170597674452,Up
GPR157,21.737914204647566,1.5487402882201324,0.5532630117028035,2.799283985122197,0.005121607192281644,0.025207835957546214,Up
LOC101116336,972.899337882572,-1.380182983435402,0.4935140596521466,-2.796643695233777,0.005163644344406326,0.025357552770736775,Down
THAP5,195.3413416323328,-1.271758488120134,0.4547885835907029,-2.7963729390020955,0.005167972745391482,0.0253652539850337,Down
LOC105612390,21.724008713061192,1.6201243327714823,0.5794353936472044,2.7960396457209042,0.005173305386808591,0.025375631724319635,Up
LOC114112171,31.094037231527654,-1.665178047216424,0.5956127422528297,-2.795739461379048,0.0051781125456585924,0.025375788958702943,Down
VPS37D,41.68038418477093,1.7272857835773359,0.6181991809409918,2.794060291293411,0.0052050773302934165,0.02546861666576677,Up
LIMD1,165.01135803511085,-1.4189426437660146,0.5086407639435928,-2.7896754337278646,0.005276090363878787,0.025728842502564665,Down
PRRX2,37.67934677271293,1.5435549170708922,0.5534136457530769,2.789152253321195,0.005284621480685664,0.02576252971834261,Up
NECTIN4,22.881016816012,1.4608807506920225,0.5238746480897569,2.788607457946172,0.005293518297683559,0.02579797848914066,Up
GPS2,478.75028800753876,1.0349815630584562,0.3711660868199935,2.7884593981249073,0.005295938535251063,0.025801851556181747,Up
PHPT1,594.6338157438026,1.0785816161321138,0.3868641275738858,2.7880114470580355,0.005303266987339894,0.025821704567498813,Up
LDLRAD1,75.24627143537668,3.359513960661668,1.2054186266141103,2.7870101610244546,0.005319681094785845,0.025893682311418493,Up
FSBP,46.07455039476919,-1.2079497814115425,0.4338212259810128,-2.784441399057803,0.005362000925271612,0.026075686484937594,Down
BEX4,132.62278049388797,1.3124680691138337,0.4715098489767359,2.7835432747844684,0.005376868916403272,0.02613275378639581,Up
NXPH3,12.893392460198674,2.125491033325512,0.7638251698427765,2.782693104710096,0.005390977337195508,0.026184511405539873,Up
C3H22orf23,37.23719875753169,1.0953541834939189,0.39375954064912866,2.781784491337487,0.0054060925572325565,0.026241867633318768,Up
ALOX12,75.13080248458162,1.3047016218990755,0.4691192949200154,2.7811723713507166,0.005416297028059475,0.026267303002257273,Up
HMCN2,34.16753098958752,2.53831216684046,0.9135477714970801,2.778521546476755,0.00546068915814206,0.026434132054647425,Up
GREM1,128.62717594160029,-3.7464196913891668,1.3489787080436662,-2.7772267042096974,0.005482492449838781,0.026516369216089446,Down
ARHGAP33,21.21671035029215,1.4085458866997684,0.507183622253991,2.7771911885482505,0.005483091588421098,0.026516369216089446,Up
DNASE1,2050.627353081143,3.1724209469259743,1.142265964193687,2.77730497657378,0.005481172227096485,0.026516369216089446,Up
CAPG,78.40313602510726,1.2388439652160887,0.4461543832688873,2.776715889552216,0.00549111542996622,0.026532869168905272,Up
IFIT5,921.8495581107293,-1.0359703732177274,0.37326491739220596,-2.775429259346084,0.0055128891007320945,0.026605682181794023,Down
KCNJ14,10.955332693058363,2.609211968097045,0.9406870740895559,2.7737300107183582,0.0055417649282283555,0.026720666678544558,Up
ABL2,158.3438150006452,-1.4228114497186908,0.5132189204663449,-2.7723285190378983,0.005565683518143958,0.026827845272851213,Down
MBP,80.16036704171393,1.0097852919892871,0.3642633081828833,2.772130130335034,0.005569076839510927,0.026836052420630526,Up
TTC36,3288.869905141626,1.1468805344840864,0.41413131992433694,2.769364400387841,0.005616577824416739,0.027032122439953576,Up
LOC114118363,32.305998840058336,-1.591976036514485,0.5749241549853227,-2.769019222292246,0.0056225317903410375,0.02704437791154039,Down
LOC114116622,20.733183625975343,-1.4321462424826832,0.517443981055648,-2.767731957304697,0.0056447860288731284,0.027134975359268072,Down
NXT1,84.77053401972233,1.129019250522276,0.408047757123365,2.7668801771674483,0.005659555257247332,0.027164838402868735,Up
ASB2,31.327808831028822,1.6371372094733097,0.5922422236629733,2.764303428667649,0.005704446605556868,0.027314232570137,Up
QPRT,2445.9426798266068,1.1773477680468476,0.42589292877488827,2.7644219673559114,0.00570237443325402,0.027314232570137,Up
NPL,2485.2993284495474,-1.242524969217318,0.44954093983101223,-2.763986233788624,0.005709994823009764,0.027332553626548243,Down
TRIM45,145.7076613386674,1.1867841877113827,0.429617179144525,2.7624225597183196,0.005737417040953447,0.027421831169495953,Up
NSFL1C,669.7659958367814,1.0137891752527184,0.3670309512660252,2.76213537783608,0.0057424662513327375,0.027421831169495953,Up
GJA3,45.00082662634127,-1.706579736844569,0.6179124620253359,-2.761847092791916,0.005747538887343332,0.02743779992745886,Down
LOC114116222,438.3556995549004,1.0091066858043911,0.36587630486041123,2.7580542177755527,0.005814655285238093,0.027674969518016266,Up
LOC114115364,14.732422337813254,2.4880238515933013,0.902220349350778,2.7576676289596436,0.005821535651519921,0.027699411090100632,Up
C19H3orf18,26.6470114441118,1.685314270214026,0.6113135621810525,2.7568736806707506,0.005835689073354289,0.02773350079681216,Up
KCNAB3,32.94707062062788,1.7094592087360307,0.6205601062558647,2.7547036805991514,0.005874531254326044,0.027859705587068212,Up
LOC114112997,9.520877167288067,-2.358686650043871,0.8573608757267681,-2.751101335297646,0.005939526653158001,0.028088513002163442,Down
PLA2R1,2780.323785926205,-1.0869621163450751,0.3951502504642018,-2.7507564908997755,0.005945782378080335,0.028088513002163442,Down
RNF207,47.83547757795737,1.3482635308406188,0.4901616918649575,2.750650557188124,0.005947705283436333,0.028089237121090425,Up
LOC101122372,1880.2767323072394,-1.1940333698457146,0.4343128394825671,-2.7492472275704896,0.005973231415665202,0.028184632063274005,Down
DIPK1B,77.71419009008758,1.7512640670842456,0.6371431192492016,2.748619602371136,0.00598467963804168,0.028193352144725785,Up
SHISA7,19.14022366856666,1.735538303270763,0.631435086761976,2.7485617122904458,0.005985736579583311,0.028193352144725785,Up
LOC114113789,9.499193843940766,-3.439692164731763,1.2523054087953036,-2.746687940955783,0.006020038349262298,0.028279392932181256,Down
LOC114108752,149.32494355758328,-10.366129259250977,3.7739225316736316,-2.746778496975104,0.006018376542172236,0.028279392932181256,Down
ANKRD29,61.44333975458725,1.1184816932380934,0.4071863089071934,2.7468548641526644,0.006016975437886241,0.028279392932181256,Up
SPACA6,23.67184070122239,2.047068926763296,0.7460936449665894,2.743715806418597,0.0060748104011866585,0.028425666365018847,Up
LOC105604257,98.67244683698696,1.17815511136209,0.42953189261363883,2.742881568568025,0.00609026464345947,0.028449314504306114,Up
RAB3A,55.60877223206638,1.2910560180558355,0.47093773787486987,2.7414579767631078,0.006116718450034883,0.028539292168549,Up
FLVCR1,113.98642227139324,-1.3198798717643567,0.4815423891632617,-2.7409422336791742,0.0061263277219153825,0.02856733252936629,Down
LOC101117485,243.53766968693668,-1.0205843302313196,0.3724492726767958,-2.7401968673381267,0.006140239334066738,0.02859859710963654,Down
POLR2F,513.4376816698673,1.0222854919760693,0.37329690700149404,2.7385319106648205,0.0061714170981401195,0.028718529345874558,Up
RASSF7,497.27875702193523,1.0545594120362671,0.3851859545255318,2.7377930052908157,0.006185299359149994,0.02877469423440441,Up
PON3,5972.393525361092,-1.0752067402131784,0.39281400898371954,-2.737190414860538,0.0061966413978319194,0.0288021343800252,Down
LIME1,51.04410637373454,1.1014536190644582,0.4023918838985905,2.7372659915328783,0.006195217857159639,0.0288021343800252,Up
OMD,154.1703029278245,-1.7637239818187527,0.6444154925826466,-2.7369360329159904,0.006201435027937897,0.02881597722437302,Down
BPGM,2045.2852422340447,-1.4755059129547423,0.5391500631544259,-2.7367258464590423,0.006205398347272991,0.028825954921353286,Down
RNASEL,59.41982337246801,-1.4694655963230498,0.5369922313055397,-2.73647459061088,0.00621013907200824,0.028839537007017784,Down
ERCC8,91.0013184798575,-1.3731216050687038,0.5023953963205778,-2.7331492587812583,0.006273189714172484,0.029089786834081168,Down
CEND1,14.091892063448958,1.618573393572834,0.5922648939471219,2.732853846504267,0.006278818714458567,0.029107385938843704,Up
ADA,46.20306295930414,1.4244550580965714,0.521482832431763,2.7315473674446684,0.006303767872748073,0.02921451312237377,Up
NDUFA3,462.2546789373066,2.271738331893105,0.8324091571488829,2.7291126153322542,0.006350501292690112,0.029345416890500776,Up
ASB16,18.172251160874552,1.9175019747613875,0.7029725030707931,2.7277055167665427,0.006377651543156111,0.02944516083319283,Up
TBX2,1246.5548593933459,1.086532191010683,0.39850686677323444,2.7265080770338677,0.006400838601464338,0.029509297450201404,Up
PPM1E,10.133384289302576,-2.246491872032936,0.8242701014278475,-2.7254317099958314,0.006421745931640151,0.02958849729257594,Down
SLC4A3,41.59209147398541,1.2002924878545493,0.44069667510025606,2.7236250139202647,0.006456977313199104,0.02970771040359692,Up
KLHL11,235.61450489394,-1.0808776930107542,0.39710871592955455,-2.7218684698990527,0.006491397323665087,0.02984012444788182,Down
LOC114117228,21.430321734532434,-1.5700527993068196,0.5769132760767073,-2.721471084846491,0.006499207060109066,0.029867375120182744,Down
LOC114111815,23.36739559580374,1.7590739593162845,0.6466264840945427,2.720386502231622,0.006520565195517343,0.02993622630757727,Up
TRPC5,9.490635401725282,-2.896418544777806,1.064769065382627,-2.7202316811645653,0.006523619151887468,0.02993622630757727,Down
TMEM200C,81.54813528067298,1.3487824937853135,0.4958876526732443,2.719935627584718,0.006529462603070348,0.02995438147356521,Up
LOC105613374,111.88036734566091,1.0214268763279597,0.3755940997775286,2.719496597345299,0.006538136768574635,0.029976847177234308,Up
KCNG2,54.779822083523534,1.9825691572502384,0.7291660753392454,2.7189541920581615,0.006548867683665385,0.03000871153083737,Up
MUTYH,84.07918899263284,1.0707165075460692,0.3938730009018994,2.718430826927253,0.006559236922379755,0.030047551996806303,Up
LOC101112122,317.69925903897547,-2.298230427825231,0.845486996037749,-2.7182327328457463,0.006563165537205066,0.03005687437162609,Down
TMEM92,20.87527976756124,1.9279992569851179,0.7093653267368029,2.717921477575217,0.00656934264692534,0.030076485674832978,Up
MEIS3,68.44143142789699,1.173356314686802,0.43181753727825317,2.7172502582513656,0.006582681328954926,0.030102823605445563,Up
LOC105602647,32.177968204156116,-2.030047884841084,0.7474707617495014,-2.715889354775071,0.006609800406856557,0.030200737437545803,Down
SRSF12,117.56072381951893,-1.2353261801896935,0.4550486166446187,-2.7147125274186945,0.006633332304096459,0.03026469780480687,Down
LOC101110679,83.56943184261901,-1.2691851174443605,0.4678708304260344,-2.7126827211875217,0.006674097470685611,0.030398263745248982,Down
CNGA3,36.183804842010666,-2.957694008368013,1.090896017541345,-2.711251999098912,0.006702966237019347,0.03049475009464262,Down
SAMD11,92.5401260087445,1.1398594510714892,0.42057177788172484,2.7102613894174463,0.006723020235766491,0.030568461816763537,Up
HAUS6,161.79713348641906,-1.106080870925904,0.4081823868911698,-2.7097711867239607,0.006732963879594795,0.030596145336618433,Down
SLC47A2,11442.723316627733,1.0616350427452133,0.3921342350255047,2.707325573540305,0.006782770316159804,0.03076962367202188,Up
RNF186,10.090203321783747,2.1842827995035416,0.8072093571225647,2.705968136060501,0.0068105580454299215,0.030869214121961492,Up
WNT5A,258.26013559781734,-1.241034352564132,0.4586861835689526,-2.7056283729932145,0.00681752922952199,0.030891990139937923,Down
LOC101112590,4212.509964251042,-1.3413323838234774,0.4958471241437904,-2.7051329301135674,0.006827706110185056,0.030920450524099113,Down
NACAD,43.50438705977923,1.161401754551682,0.429615876807743,2.7033492411441298,0.006864457958294126,0.031042604322507883,Up
LOC105606290,37.06864966899221,1.3986372055663878,0.5175715539521973,2.7023069465204133,0.006886016002135394,0.031093403708554464,Up
LOC105607283,55.127929642821755,1.0969260543429933,0.40587563902937684,2.702616143620285,0.0068796144632751015,0.031093403708554464,Up
KCNQ4,23.69506086676041,2.1634211332027995,0.8015986873063708,2.6988830788540703,0.006957261462125431,0.03134618540684558,Up
HGFAC,17.589850610182136,1.9417680265964548,0.7196937885328436,2.69804749955521,0.00697474879226981,0.03139823811108868,Up
LOC114109678,7.643564577656625,3.5144287840384583,1.303192904110041,2.696783241340993,0.0070012827427231965,0.03146833459115545,Up
LOC101118433,46.152896207856195,1.2509933959287476,0.4640441965431943,2.695849673905581,0.007020934383893132,0.031534604265856164,Up
LOC114113943,54.170274403041375,-1.6774925761229793,0.6223075315952664,-2.6956006330548146,0.007026185068945776,0.03154926042415171,Down
LOC114110120,21.14734028461534,1.5935805807600787,0.5912889872628373,2.695095993816822,0.007036835509333204,0.03157274367412292,Up
LOC101121659,206.74948149431518,-1.103685213106576,0.4098029376526527,-2.693209617843333,0.007076776083263653,0.031722583103542486,Down
SLC38A1,64.52920679056886,-1.2054839433323385,0.44759009345061723,-2.6932766407738646,0.007075353514566196,0.031722583103542486,Down
CCDC159,21.134949295584473,1.3641554885498393,0.5065602898386232,2.6929775505782803,0.007081703719461132,0.03173570952541122,Up
LOC101120008,40.701625050814215,-1.1371815031279717,0.42234826908025025,-2.692520808962748,0.007091411012545835,0.03175944053501996,Down
SREK1IP1,371.86560525305094,-1.249877298576564,0.4645359937058009,-2.690593012192149,0.007132514927570827,0.03185548943312655,Down
LOC101102794,14.138903790548667,-1.8924130047253707,0.7033055456789228,-2.6907409110482208,0.0071293539133278055,0.03185548943312655,Down
LOC114108698,16.350198926252247,-1.7102328143513796,0.6366655939810123,-2.6862340772295368,0.0072262444220869086,0.03218355154651669,Down
SLC22A3,88.84859420837499,1.1692104761441617,0.43555636849495105,2.684406797182935,0.00726586388214032,0.032278861222935856,Up
POLD2,157.73058163232807,1.0507014723449035,0.39148540447304897,2.6838841508259526,0.007277231801632916,0.032311032989380775,Up
AAK1,203.10636950493736,-1.1779645410072561,0.43908078741999357,-2.682796821807871,0.007300933113410861,0.03239801825808515,Down
KIAA1211L,29.24775421338389,1.238083996440816,0.46192847176996,2.680250454571202,0.007356709400589349,0.03259085914472641,Up
CHST1,27.71222481603884,1.5201825529407091,0.5674614544516682,2.678917732676037,0.007386053817831126,0.032693483616964156,Up
MMP23B,138.0517353962828,1.1345034269860041,0.42360787843575237,2.678192462272799,0.007402067197993006,0.03274610162590384,Up
LOC114108651,191.69318950652826,-1.4900969282752246,0.5564358471496652,-2.6779312222751734,0.0074078427888572525,0.032762521200203724,Down
LOC101114404,174.4394284742881,-1.310773326157931,0.48973760630254515,-2.676480852785838,0.007439981675775241,0.03285888401212588,Down
LOC114114581,60.717789282238904,1.037346839835131,0.3875725920646245,2.676522698132798,0.007439052671206447,0.03285888401212588,Up
RNF168,356.7665083145383,-1.4104371101322057,0.5270085805918746,-2.676307677093544,0.007443827439325606,0.03286672404573445,Down
FGB,82.55714969057327,1.2981493762357228,0.4853680449406874,2.6745670419946133,0.0074825813711592,0.03302229586413759,Up
KLHDC8A,41.281900017902345,1.2854703385960151,0.4806829203819085,2.6742584021389675,0.0074894718601200266,0.03303150509466107,Up
CA8,69.05156328220461,1.5499482801694515,0.5796878655299327,2.6737635412680874,0.007500531672430693,0.033071094232358995,Up
COL11A1,18.50556459691719,-2.0586300214154263,0.7702137235642512,-2.672803610780762,0.007522027249950623,0.03314745656259474,Down
CATSPERD,11.1262525452291,1.9279458026432112,0.721396207102072,2.6725200155792086,0.0075283883158584,0.0331570776186516,Up
CCDC154,18.091526351382416,1.706683364593078,0.638653202425958,2.6723163026665344,0.0075329605911710635,0.033168012056493286,Up
LOC114110624,14.999077852453329,-1.551347439548749,0.5806300420203067,-2.6718346059925246,0.007543782034930246,0.0332064482086655,Down
CCDC124,307.3448139874088,1.2117651059945302,0.45370928182406306,2.6707963767521554,0.0075671535408165045,0.03325399450536555,Up
LOC114114479,14.615640720544128,-2.247987351585185,0.8420844267247949,-2.669551033414206,0.007595272998476837,0.033331878049972376,Down
SNRNP25,381.9865604198151,1.006780419928253,0.3772938502999488,2.6684252052554323,0.007620774424297218,0.033397170744580276,Up
ITIH1,169.81465756645687,-1.5106420923218407,0.5661845905982174,-2.668108806574428,0.0076279550558025384,0.03341941225524529,Down
RPL27,1582.1326432705482,1.1066063780516135,0.41486399827985,2.6673955383931456,0.0076441648466122674,0.03347195272007628,Up
TMEM223,56.674571531696714,1.7607575134002451,0.6603571224986111,2.6663716546859058,0.007667487685438093,0.033546315333781385,Up
DUSP23,352.4226585538911,1.1008765012282915,0.41324637463493163,2.6639713468770854,0.0077224140141839105,0.03371228758172201,Up
CNN1,141.35567408957064,1.7085658041996672,0.6414647940047667,2.66353792159476,0.007732369599595931,0.03374646759812654,Up
AP5Z1,166.28455043056118,2.6256408709934247,0.986335367820176,2.6620163452073626,0.007767410654705507,0.033862155814924605,Up
LOC101121393,70.95924218908296,1.3811518586492864,0.519544791217526,2.6583884238597206,0.007851534389499386,0.034144494620417465,Up
PLAC1,10.216745940089222,2.30377458906593,0.8673191072117891,2.6562018176585327,0.00790263043549549,0.034310298933977,Up
GAB3,48.10784434105129,-1.0249487335569296,0.3862058558462021,-2.6538922650750605,0.007956922696498977,0.034536569308594,Down
LOC114115368,19.846833896140758,1.470690566216415,0.5542591153639171,2.6534350549215313,0.007967710178948985,0.034564488568039696,Up
LOC114110322,31.66187109057939,-1.509401695405751,0.5688415291756171,-2.6534660674181487,0.007966978051780552,0.034564488568039696,Down
LOC114114613,12.377275899479926,-1.9290456647465757,0.7278197828138029,-2.6504441213300747,0.008038602346953328,0.03476159793413748,Down
FMO2,89.52402836063065,-1.7299656512405222,0.6536783298224282,-2.6465091044252107,0.008132731593405888,0.03501243519992722,Down
RPH3A,32.69414439209598,1.9200812369439266,0.7257271377471824,2.6457343773918716,0.008151379602993416,0.03507369163413242,Up
LINGO1,15.153326928700125,1.5697250047541174,0.5939131395302467,2.6430211764563505,0.00821698959134525,0.03529858613895079,Up
RNF122,31.25586282322974,1.209633852936475,0.45818737058803416,2.6400418924337443,0.008289577961926099,0.03557190348463178,Up
LOC114113716,69.2877250137348,-2.124815553147831,0.8051138051345175,-2.639149322241244,0.008311436279539878,0.035627174740787595,Down
PRKCG,8.909522673964947,2.576608359165114,0.9762900164723647,2.6391833529909383,0.008310601949574139,0.035627174740787595,Up
ASDURF,61.25788115458548,-1.272574067617495,0.482348003667438,-2.638290317243419,0.008332521290927746,0.03568864286316679,Down
OPRL1,40.12089320800422,1.205023201042754,0.45682116829930797,2.637844488531289,0.008343483389188595,0.035697065185064845,Up
MTLN,134.11871092796306,1.4339841929563177,0.5441741877444345,2.6351565826745404,0.008409847776652869,0.03586499563643498,Up
KHK,3494.0866394100035,1.1819095589302928,0.4488712214538415,2.6330704719768527,0.008461678826515022,0.036018296597820576,Up
LRFN3,110.81157882777136,1.0361034709448473,0.3935416768430352,2.632766824739884,0.008469246948791174,0.036040846331947,Up
SLC22A31,21.331927398461186,1.959457220172195,0.7451538215179997,2.6296009811510617,0.0085485139242465185,0.036339196978994376,Up
LOC114117645,5.628249807593857,-3.197649643011035,1.2162647179693082,-2.6290737499562375,0.008561779075329153,0.03638584183740285,Down
RNF180,27.965785387060865,-2.049952543629225,0.7798258503953774,-2.628731200164606,0.008570407496905281,0.03641276183040084,Down
LOC114114000,872.3705047414899,-1.1433390969865076,0.43507160116493565,-2.627933181400796,0.008590538797801093,0.03647876467027736,Down
NT5C,11.207193556417351,2.16350827746818,0.8233293926321007,2.62775542429217,0.00859502875817041,0.036488069397817305,Up
WAS,65.69884244797929,1.1233360608194218,0.4278175943602499,2.6257360043811118,0.00864618470265532,0.03667581234239655,Up
POLM,45.97029024477409,1.405215863490456,0.5353544870192922,2.624832512965969,0.00866915993397584,0.036763445266363486,Up
CD84,48.514510900108945,-1.5354385446208894,0.5851924667869156,-2.6238180287101747,0.008695022665009797,0.03682963017973782,Down
NRM,60.41432153172051,1.202834298308993,0.4584623098630808,2.623627444245565,0.008699889012420636,0.03682963017973782,Up
DNA2,29.287240580348143,-1.3327807398165419,0.5081541303659934,-2.6227883631618196,0.008721342909523222,0.0368847826810511,Down
RAB42,12.826979463717139,-1.8059879921242794,0.688709532164284,-2.622278199706231,0.008734410033823607,0.0369021268211025,Down
KLF13,217.18106354412,-1.1957249707385953,0.4559803850001676,-2.6223166830699434,0.008733423726466058,0.0369021268211025,Down
ZNF581,67.28591513150874,1.0287790586386072,0.3927873772353608,2.6191754579276005,0.008814259875340723,0.037189991228411295,Up
ANTXR1,360.2812235821676,-1.2661957969843067,0.4839806116056686,-2.6162118205180525,0.008891138159205298,0.0373982357811268,Down
ANGPTL5,31.78609140890022,2.478565029907225,0.9484768748153838,2.6132055464079342,0.008969733848111724,0.0376558014734402,Up
CITED1,26.811446260969564,1.4988969830386534,0.5741002904676882,2.610862610464077,0.00903141689118181,0.03788469352899811,Up
PROZ,12.62753076838913,2.2603655435059564,0.8661469528640041,2.609679034292997,0.009062720953991457,0.037965840512722726,Up
RAPSN,23.783189947044818,2.080847811946214,0.7982038609721844,2.606912737069217,0.009136264062653976,0.03823356695663237,Up
FOXQ1,6.594755577272206,3.892973138774851,1.4938325643101935,2.6060304426236067,0.009159832009392046,0.03829181287465893,Up
SOX8,15.103157059687511,1.555102696109844,0.5971754785785276,2.6040967050614596,0.009211676123311172,0.03847814081718901,Up
RSPH1,49.19416030088352,1.031883559581783,0.3964139443019943,2.603045564904947,0.009239967252613562,0.03858128940867749,Up
PRR22,27.252856594395652,1.845464956859504,0.709030172859531,2.6028017248077213,0.009246541207300259,0.03858891265116448,Up
IFIT3,110.84145638253874,-1.1839705804891298,0.45592783123153363,-2.5968376997101426,0.00940863689060648,0.0391771493611219,Down
NR1I3,60.922549333448416,-1.2673892599421261,0.4882329311630957,-2.595870083820198,0.009435173288773007,0.03924646373498269,Down
RIMS1,7.946714536792811,-2.9769126760271023,1.14713713955233,-2.5950800243367955,0.009456889773922728,0.03929020318150465,Down
PPARG,36.170965926608,1.1613093617738215,0.44749214363265805,2.595150279838497,0.009454956845938788,0.03929020318150465,Up
IGLON5,20.541150490054168,1.8505401043187917,0.7133872187166188,2.5940191466394746,0.00948612040009645,0.039386133693625675,Up
LOC105616290,8.697580270539044,2.3105810761636434,0.8908510490774874,2.5936783467408433,0.009495527629811085,0.0394148823399559,Up
NEK1,175.76082287785243,-1.527828854476029,0.5897312015893996,-2.590720739140711,0.009577517645018055,0.039703300490825696,Down
C1QTNF6,75.73660116799684,1.0473037770537346,0.40426679051535475,2.5906253039450595,0.009580173755252884,0.039703942041025855,Up
C21H11orf86,60.099835011880295,2.028509606746498,0.7836602257717578,2.5885065236643827,0.009639312114261231,0.03993860641860311,Up
CFP,36.40285349253388,1.270168991887581,0.4910258968253044,2.5867657899507437,0.00968814192022319,0.04007890942908602,Up
TBC1D32,82.79996018744026,-1.22723321758551,0.47482934870986865,-2.584577429596453,0.00974984098608547,0.04025994432157509,Down
LRRC2,80.52095452507872,1.19011172991664,0.46109804227929,2.5810383493143996,0.009850363877315686,0.04055896908550762,Up
LOC114118386,373.11845026036605,1.0762797347086765,0.4170583053354183,2.580645729721365,0.009861572429263303,0.040594590033634956,Up
BTG2,505.2715413577805,-1.3186952980435607,0.5112073245525801,-2.579570430055383,0.009892328417931012,0.04069150323322764,Down
POLD1,147.95430942061918,1.0872821066505738,0.4215000773997258,2.5795537532474984,0.009892806084358689,0.04069150323322764,Up
MYBL2,87.10353002612948,1.105189131973383,0.42855974285066173,2.578844957816076,0.00991312680449063,0.04074341319722418,Up
STYXL1,21.755563147000473,1.5717745553470923,0.6096364659167093,2.5782161061898057,0.009931186708426128,0.04077540781760164,Up
GRB14,77.43815617597718,1.1290604517275586,0.4379519161241066,2.578046607764141,0.009936059522680672,0.040780802044735345,Up
MYBPH,55.269013177313745,1.3224689367799085,0.5130019496775442,2.5779023600420388,0.009940208096206202,0.040780802044735345,Up
LOC114110282,50.82746664542968,1.2688263743063672,0.49225327000709257,2.5775885131003506,0.00994923968522349,0.04079676608720033,Up
LOC114117421,10.957463544256926,2.0923044701009506,0.8121997240721498,2.5760960119645224,0.0099922895786005,0.04094156233379601,Up
ERAS,166.6176517008238,1.1488040460805014,0.44593038722960826,2.576195924250808,0.00998940252262549,0.04094156233379601,Up
LOC114108657,11.618138058605645,-2.071577288425558,0.8042821539125281,-2.5756847623040238,0.01000418083674371,0.04096913375171128,Down
TMEM190,17.996868551386157,1.43070344195653,0.5556295814519533,2.574923095739183,0.010026237671079123,0.041017131585834775,Up
SEM1,625.0570771504076,1.0976603736322201,0.42662599048427624,2.5728867863540903,0.01008541926735676,0.04116084108123092,Up
SLC24A1,51.81124754504839,-1.3675116996071721,0.5315587670943708,-2.5726444266592066,0.01009248368223718,0.04116084108123092,Down
ACOX2,1808.554198983826,-1.0270700848698997,0.39929530386049245,-2.572206772631471,0.010105251792372611,0.04120232769081183,Down
SERPING1,13234.082748437657,1.12403756684183,0.43727020738603994,2.57057889573868,0.01015286978271448,0.04135399077778469,Up
RNASE12,97.14914046484108,1.2358443071371847,0.4808002002377464,2.5703905832944405,0.010158391093417934,0.0413577911728553,Up
YDJC,17.190745796072616,2.0071065393018306,0.7813644455222829,2.568720077812386,0.010207487386953878,0.04149127971654774,Up
LOC114110632,14.639443490857152,1.6383946851904896,0.6387592604036609,2.564964278020977,0.01031864277160862,0.04182528516694168,Up
LOC101111069,34.10271946823201,-1.4891275863121687,0.5807673628613723,-2.5640689913693024,0.010345297858149869,0.04190035214506476,Down
SYT5,32.35972444435667,1.545743398122153,0.602970488822407,2.5635473489605904,0.010360856789797169,0.04193214681908477,Up
RAB36,17.602095124451832,1.4574625658270923,0.5690415727315004,2.5612585014325293,0.010429372234761926,0.042155697856474675,Up
PRIMPOL,253.23665984116178,1.058154192054314,0.4132472468400479,2.5605837670925484,0.010449646842806175,0.04222689519752098,Up
ABCB1,455.01121091873915,-1.1706429642921707,0.45726158577681286,-2.5601165737625635,0.01046370573869989,0.042262188598061926,Down
DUSP15,116.7134952534812,1.0432500399537183,0.40774478182465923,2.5585858764033005,0.010509885819031436,0.04242711536253459,Up
FUOM,123.44482488964893,1.313051654785289,0.5138855763986054,2.5551440147189397,0.01061438716977181,0.042707773775865134,Up
ZC3HAV1L,125.19488551077751,-1.6594887269327203,0.6495153176155899,-2.554964728198873,0.010619855877990582,0.04271894889795857,Down
STC2,13.85520006769489,-1.8180219844150982,0.7133635726859694,-2.5485209141950564,0.01081808000602869,0.04338438199486948,Down
LOC106991388,11.424918770370214,-2.5378102581207247,0.9963096272669141,-2.547210413977901,0.010858793659718353,0.043503693023904444,Down
LOC114113036,642.0804277315297,2.8803447992006834,1.1313863162009343,2.5458543717167728,0.01090106549736815,0.04365101227036444,Up
LOC105602706,86.84710087343292,1.0097641690122645,0.39675723954875686,2.5450428331457737,0.010926433443663964,0.043730529009399416,Up
CHST9,12.53587488103533,-1.8161391377158975,0.7137467345077148,-2.54451481164187,0.010942967067133734,0.0437831510991273,Down
USP35,34.94763925122876,1.3694636954302617,0.5384183543368066,2.543493705962327,0.010975003422701449,0.04385073715698115,Up
LOC101122940,40.053752317944344,1.4340942543224282,0.5644735981815425,2.540586944973826,0.01106665743391522,0.0441434173701587,Up
VMO1,66.81880096416434,1.010664877662617,0.3977963012331692,2.5406593136475983,0.01106436732534045,0.0441434173701587,Up
LOC101109993,495.67767875315593,-1.2934838917808944,0.5091010995190125,-2.540721072892888,0.011062413285378582,0.0441434173701587,Down
LOC101109964,86.17063337799303,-1.428633268263492,0.5625943005590709,-2.539366763658654,0.011105333560322684,0.044234619724718184,Down
UMOD,22984.078333907135,2.083949867070451,0.820947727990035,2.5384684018465875,0.011133885660089712,0.044314986730843525,Up
RNF43,59.16029203064089,1.071744682746933,0.42229911480701904,2.5378804860547617,0.01115260631955424,0.044368251027309444,Up
LOC114118875,150.10256141211022,-2.455696444795599,0.9684526527028479,-2.5356907618994207,0.011222578653925322,0.044600899092077276,Down
PYM1,49.22643948594734,1.067301118592202,0.4216583950632619,2.5311985509788637,0.01136734811580743,0.04505216395560833,Up
PFKFB4,39.185390028384575,1.1111590450256346,0.43932609785347987,2.5292352319943863,0.011431138498374106,0.04522593753357233,Up
GK5,370.8699968213522,-1.3308532584319352,0.5266634252140896,-2.526952119165938,0.01150571877385294,0.045464345057846085,Down
HDAC9,117.10848483582292,-1.4354962210002375,0.5680630073664125,-2.5270017628067665,0.011504092530407978,0.045464345057846085,Down
LOC114114539,123.24115449611753,-1.31989264264588,0.5228988975250681,-2.5241832577828363,0.011596745736238067,0.045732955297219095,Down
SAMD14,34.534978753698944,1.2344820137683805,0.4891800925414798,2.523573695231073,0.011616870860948078,0.04578813174386429,Up
LOC101110458,146.53706229895377,1.1157700449920371,0.44227610999948586,2.5227906725356117,0.011642768357317299,0.045857484400917484,Up
LOC114111357,7.305697208407398,-2.2831524725626053,0.9050948293158316,-2.522556088723276,0.011650536888423586,0.04587669859338814,Down
IQANK1,13.106255028767137,1.9954137388331659,0.7913248887297035,2.5216112462181743,0.011681873091791008,0.045979037601480054,Up
RASD2,39.339277345604074,1.8638980854080476,0.7392980677511158,2.5211726727189654,0.01169644400647021,0.04602239850733605,Up
LOC114116700,20.23018852188875,-1.32029287379603,0.5237930243325913,-2.520638520297833,0.011714212154695655,0.046047471404528015,Down
LOC114117880,61.53413056599061,1.997916062962229,0.7932929655126033,2.5185097433345227,0.011785262282441826,0.046269470247142994,Up
LOC114113596,18.098858565693657,2.0252139268377354,0.8049762081294611,2.5158680547140198,0.011873962633128931,0.04654863148324414,Up
BBOF1,45.48773124564183,-1.1317636086519707,0.450172219807362,-2.5140680807364695,0.01193473922193219,0.04670920915482868,Down
PIH1D3,34.55487919424009,1.0581488259526493,0.42111680741113044,2.5127204788090856,0.011980421735466316,0.04683872763720612,Up
TNNT2,136.5902804964977,1.2530752179855111,0.4990070498547392,2.511137304273118,0.01203428793223685,0.04699145199222522,Up
LOC106991500,34.2095978919332,1.130712565934267,0.45039688943163336,2.510480406206047,0.01205670128857679,0.047053903267551454,Up
AMIGO3,33.05144814695377,1.2387634013709976,0.49385506927078293,2.508354127457135,0.012129503825340603,0.04725861910152955,Up
ITGA2B,71.61402548937987,1.1246786789156797,0.4489297482167672,2.5052442690267545,0.012236685163575893,0.04758114676765426,Up
LOC114108723,34.53580371026479,1.4415741147795098,0.5754977303040449,2.504917115864041,0.012248009142224982,0.04759183576855255,Up
OVGP1,14.369551115386754,1.696883134268861,0.6782815837362639,2.5017384740445197,0.012358517938692113,0.047915670552237395,Up
GTF3C4,170.93654111616897,-1.3549927948848652,0.5416707319225688,-2.501506385762338,0.012366621220119934,0.04793537939608394,Down
ZNF385A,71.37868596477928,1.119960211217857,0.4477463479353572,2.5013274064259923,0.01237287343492702,0.04794790528139565,Up
SAC3D1,20.633201983048252,1.6895885147039897,0.6756390938345156,2.50072639390198,0.012393888860553587,0.04799419318945281,Up
LOC101109513,106.35732626683567,-1.027501266643511,0.41115368320516005,-2.4990686174415275,0.012452019796402564,0.04818403467291514,Down
KCNA4,14.21036282294501,1.9946688214060468,0.798207644124009,2.4989347522411807,0.012456724379999694,0.04819049136820257,Up
LOC114108790,74.19495936638523,-1.12453009255754,0.45014730387865204,-2.498138015863101,0.012484757610529088,0.04828717289277003,Down
AQP11,81.09186903878387,-1.402165919026816,0.5620042897839065,-2.4949381072624126,0.01259791020027311,0.04864184592773901,Down
LOC101106330,174.11437099079208,-1.5202336674781716,0.6094165833520501,-2.4945722007042224,0.012610906764504635,0.0486683498840219,Down
PTGER3,492.9521918003026,1.2793229324797282,0.5134702007019816,2.491523229061248,0.012719664941687338,0.04898089316336805,Up
PLEK,33.78900630289059,-1.1617051369087108,0.46649038351861977,-2.490308863703172,0.01276321253644685,0.049096174045075276,Down
LOC105605744,35.86294159890785,1.0545983237399716,0.4234741513844957,2.4903487504304445,0.012761780090432185,0.049096174045075276,Up
DMRT2,121.89767719618402,1.0994003032865896,0.4417514228884337,2.488730644257026,0.012820005216311109,0.04927165685193855,Up
DACT2,47.94784630318745,1.3642268352298987,0.5483025801166003,2.4880912195229623,0.012843078679372616,0.049345366262670796,Up
CEP72,22.170648246961903,1.4988590551645042,0.60242879511465,2.488026912590146,0.012845401209434622,0.049345366262670796,Up
SMOC2,330.73892356040994,1.0135106337525344,0.40782394913394265,2.485167033237826,0.01294906603663251,0.04964746985494392,Up
APC2,130.44355685720888,1.303083013398295,0.5246673840872152,2.4836364007366694,0.013004851846577478,0.04976035643643893,Up
STX1A,24.278886264867864,1.5252400087726772,0.6141242134428232,2.4836018111418783,0.013006114959975718,0.04976035643643893,Up
ODF3,73.97435390548763,1.012295038030273,0.4078619128140605,2.4819553045438854,0.013066366350788871,0.04996434649230391,Up
